"Station_ID","Transect_ID","Station","Lat_Final","Lat_Dir","Long_Final","Long_Dir","Geo_Datum","Updated_Date","Updated_by","Updated_notes"
"20210428171318-752542495.727539","20210428161330-115470111.370087","1",21.163737,"North",-156.964410,"West","World Geodetic System 1984","2021-04-28","Kelly Kozar","Waihanau Valley"
"20210428171318-377407610.416412","20210428161330-115470111.370087","10",21.173079,"North",-156.964715,"West","World Geodetic System 1984","2021-04-28","Kelly Kozar","Waihanau Valley"
"20210428171318-188131809.234619","20210428161330-115470111.370087","11",21.174043,"North",-156.965260,"West","World Geodetic System 1984","2021-04-28","Kelly Kozar","Waihanau Valley"
"20210428171318-979530990.123749","20210428161330-115470111.370087","12",21.175308,"North",-156.965291,"West","World Geodetic System 1984","2021-04-28","Kelly Kozar","Waihanau Valley"
"20210428171318-891279399.394989","20210428161330-115470111.370087","2",21.164539,"North",-156.965005,"West","World Geodetic System 1984","2021-04-28","Kelly Kozar","Waihanau Valley"
"20210428171318-821931481.361389","20210428161330-115470111.370087","3",21.165769,"North",-156.964343,"West","World Geodetic System 1984","2021-04-28","Kelly Kozar","Waihanau Valley"
"20210518143539-373536169.528961","20210428161330-115470111.370087","4",21.166737,"North",-156.963620,"West","World Geodetic System 1984","2021-05-18","Kelly Kozar","Added station that was missing in original spreadsheet from Seth."
"20210428171318-176886856.555939","20210428161330-115470111.370087","5",21.167715,"North",-156.963980,"West","World Geodetic System 1984","2021-04-28","Kelly Kozar","Waihanau Valley"
"20210428171318-108785867.69104","20210428161330-115470111.370087","6",21.168767,"North",-156.963551,"West","World Geodetic System 1984","2021-04-28","Kelly Kozar","Waihanau Valley"
"20210518143543-871445834.636688","20210428161330-115470111.370087","7",21.169687,"North",-156.964548,"West","World Geodetic System 1984","2021-05-18","Kelly Kozar","Added station that was missing in original spreadsheet from Seth."
"20210428171318-10293424.1294861","20210428161330-115470111.370087","8",21.171098,"North",-156.964425,"West","World Geodetic System 1984","2021-04-28","Kelly Kozar","Waihanau Valley"
"20210428171318-151656985.282898","20210428161330-115470111.370087","9",21.172080,"North",-156.964247,"West","World Geodetic System 1984","2021-04-28","Kelly Kozar","Waihanau Valley"
"20210428171318-991402447.223663","20210428161330-119544029.23584","4",21.156948,"North",-156.962365,"West","World Geodetic System 1984","2021-04-28","Kelly Kozar","Upper Waihanau"
"20210428171318-471391439.437866","20210428161330-119544029.23584","5",21.157657,"North",-156.963482,"West","World Geodetic System 1984","2021-04-28","Kelly Kozar","Upper Waihanau"
"20210428171318-4019677.63900757","20210428161330-119544029.23584","6",21.158268,"North",-156.964677,"West","World Geodetic System 1984","2021-04-28","Kelly Kozar","Upper Waihanau"
"20210428171318-425849318.504333","20210428161330-119544029.23584","7",21.159395,"North",-156.965287,"West","World Geodetic System 1984","2021-04-28","Kelly Kozar","Upper Waihanau"
"20210428171318-288717329.502106","20210428161330-119544029.23584","8",21.160166,"North",-156.966288,"West","World Geodetic System 1984","2021-04-28","Kelly Kozar","Upper Waihanau"
"20210428171318-203582286.834717","20210428161330-161743700.504303","1",21.129933,"North",-156.897829,"West","World Geodetic System 1984","2021-04-28","Kelly Kozar","on fence where trail intersects"
"20210428171318-547599971.294403","20210428161330-161743700.504303","10",21.140255,"North",-156.900032,"West","World Geodetic System 1984","2021-04-28","Kelly Kozar","on ungulate transect"
"20210428171318-206485390.663147","20210428161330-161743700.504303","11",21.141623,"North",-156.900321,"West","World Geodetic System 1984","2021-04-28","Kelly Kozar","on ungulate transect"
"20210428171318-962678253.650665","20210428161330-161743700.504303","12",21.142906,"North",-156.900390,"West","World Geodetic System 1984","2021-04-28","Kelly Kozar","on ungulate transect"
"20210428171318-933052301.40686","20210428161330-161743700.504303","13",21.144179,"North",-156.900343,"West","World Geodetic System 1984","2021-04-28","Kelly Kozar","on ungulate transect"
"20210428171318-992572247.982025","20210428161330-161743700.504303","14",21.145450,"North",-156.900151,"West","World Geodetic System 1984","2021-04-28","Kelly Kozar","on ungulate transect"
"20210428171318-839586138.725281","20210428161330-161743700.504303","15",21.146696,"North",-156.900432,"West","World Geodetic System 1984","2021-05-18","Kelly Kozar","on ungulate transect; updated original spreadsheet coordinates."
"20210428171318-409323275.089264","20210428161330-161743700.504303","16",21.147744,"North",-156.900909,"West","World Geodetic System 1984","2021-04-28","Kelly Kozar","on ungulate transect"
"20210428171318-207593619.823456","20210428161330-161743700.504303","2",21.130139,"North",-156.899174,"West","World Geodetic System 1984","2021-04-28","Kelly Kozar","on trail"
"20210428171318-364688038.825989","20210428161330-161743700.504303","3",21.131256,"North",-156.899682,"West","World Geodetic System 1984","2021-04-28","Kelly Kozar","on trail"
"20210428171318-573519527.91214","20210428161330-161743700.504303","4",21.132495,"North",-156.899784,"West","World Geodetic System 1984","2021-04-28","Kelly Kozar","on trail"
"20210428171318-344180822.372437","20210428161330-161743700.504303","5",21.133788,"North",-156.899890,"West","World Geodetic System 1984","2021-04-28","Kelly Kozar","on trail"
"20210428171318-528229653.835297","20210428161330-161743700.504303","6",21.135119,"North",-156.900225,"West","World Geodetic System 1984","2021-04-28","Kelly Kozar","on trail"
"20210428171318-425485014.915466","20210428161330-161743700.504303","7",21.136437,"North",-156.899707,"West","World Geodetic System 1984","2021-05-18","Kelly Kozar","on trail; updated original spreadsheet coordinates."
"20210428171318-573013365.268707","20210428161330-161743700.504303","8",21.137797,"North",-156.899884,"West","World Geodetic System 1984","2021-04-28","Kelly Kozar","on trail"
"20210428171318-50045013.4277344","20210428161330-161743700.504303","9",21.139081,"North",-156.900001,"West","World Geodetic System 1984","2021-04-28","Kelly Kozar","on trail"
"20210428171318-742342054.843903","20210428161330-173773407.936096","1",21.101793,"North",-156.834528,"West","World Geodetic System 1984","2021-04-28","Kelly Kozar","on fence"
"20210428171318-410631656.646729","20210428161330-173773407.936096","10",21.090825,"North",-156.829426,"West","World Geodetic System 1984","2021-04-28","Kelly Kozar","on fence"
"20210428171318-339375197.887421","20210428161330-173773407.936096","11",21.089781,"North",-156.828486,"West","World Geodetic System 1984","2021-04-28","Kelly Kozar","on fence"
"20210428171318-840887069.702148","20210428161330-173773407.936096","2",21.100486,"North",-156.834164,"West","World Geodetic System 1984","2021-04-28","Kelly Kozar","on fence"
"20210428171318-278589427.471161","20210428161330-173773407.936096","3",21.099144,"North",-156.833963,"West","World Geodetic System 1984","2021-04-28","Kelly Kozar","on fence"
"20210428171318-702970147.132874","20210428161330-173773407.936096","4",21.097796,"North",-156.833762,"West","World Geodetic System 1984","2021-04-28","Kelly Kozar","on fence"
"20210428171318-404864609.241486","20210428161330-173773407.936096","5",21.096503,"North",-156.833345,"West","World Geodetic System 1984","2021-04-28","Kelly Kozar","on fence"
"20210428171318-811571359.634399","20210428161330-173773407.936096","6",21.095340,"North",-156.832616,"West","World Geodetic System 1984","2021-04-28","Kelly Kozar","on fence"
"20210428171318-741780698.299408","20210428161330-173773407.936096","7",21.094142,"North",-156.831938,"West","World Geodetic System 1984","2021-04-28","Kelly Kozar","on fence"
"20210428171318-437663912.773132","20210428161330-173773407.936096","8",21.093050,"North",-156.831083,"West","World Geodetic System 1984","2021-04-28","Kelly Kozar","on fence"
"20210428171318-77980577.9457092","20210428161330-173773407.936096","9",21.091948,"North",-156.830249,"West","World Geodetic System 1984","2021-04-28","Kelly Kozar","on fence"
"20210428171318-323554813.861847","20210428161330-202618300.914764","1",21.111306,"North",-156.882943,"West","World Geodetic System 1984","2021-04-28","Kelly Kozar","on rim"
"20210428171318-374432206.15387","20210428161330-202618300.914764","10",21.101953,"North",-156.888218,"West","World Geodetic System 1984","2021-04-28","Kelly Kozar","on trail"
"20210428171318-770832777.023315","20210428161330-202618300.914764","2",21.110008,"North",-156.883125,"West","World Geodetic System 1984","2021-04-28","Kelly Kozar"," "
"20210428171318-389501869.678497","20210428161330-202618300.914764","3",21.108928,"North",-156.884132,"West","World Geodetic System 1984","2021-04-28","Kelly Kozar"," "
"20210428171318-218000352.38266","20210428161330-202618300.914764","5",21.107700,"North",-156.884869,"West","World Geodetic System 1984","2021-04-28","Kelly Kozar"," "
"20210428171318-446993231.773376","20210428161330-202618300.914764","6",21.106755,"North",-156.885899,"West","World Geodetic System 1984","2021-04-28","Kelly Kozar","on ungulate transect"
"20210428171318-236027777.194977","20210428161330-202618300.914764","7",21.105610,"North",-156.886716,"West","World Geodetic System 1984","2021-04-28","Kelly Kozar","on ungulate transect"
"20210428171318-878384590.148926","20210428161330-202618300.914764","8",21.104537,"North",-156.887596,"West","World Geodetic System 1984","2021-04-28","Kelly Kozar","on ungulate transect"
"20210428171318-610432803.630829","20210428161330-202618300.914764","9",21.103343,"North",-156.888199,"West","World Geodetic System 1984","2021-04-28","Kelly Kozar","on ungulate transect"
"20210428171318-710554242.134094","20210428161330-216733515.262604","1",21.127790,"North",-156.888167,"West","World Geodetic System 1984","2021-04-28","Kelly Kozar","on ridge"
"20210428171318-114332795.143127","20210428161330-216733515.262604","12",21.132242,"North",-156.878776,"West","World Geodetic System 1984","2021-04-28","Kelly Kozar","on trail"
"20210428171318-984253227.710724","20210428161330-216733515.262604","13",21.133658,"North",-156.878641,"West","World Geodetic System 1984","2021-04-28","Kelly Kozar","on trail"
"20210428171318-632975816.726685","20210428161330-216733515.262604","14",21.134936,"North",-156.878314,"West","World Geodetic System 1984","2021-04-28","Kelly Kozar","on trail"
"20210428171318-902569651.603699","20210428161330-216733515.262604","15",21.136336,"North",-156.878752,"West","World Geodetic System 1984","2021-04-28","Kelly Kozar","on trail.  Was called station 17 in the field, but was renamed to 15 in office."
"20210428171318-574864923.95401","20210428161330-216733515.262604","16",21.137741,"North",-156.878479,"West","World Geodetic System 1984","2021-04-28","Kelly Kozar","Was called station 15/16 in the field, but was renamed to 16 in office."
"20210428171318-598856389.522552","20210428161330-216733515.262604","17",21.137738,"North",-156.878465,"West","World Geodetic System 1984","2021-04-28","Kelly Kozar","on trail"
"20210428171318-312288105.487823","20210428161330-216733515.262604","2",21.128563,"North",-156.887164,"West","World Geodetic System 1984","2021-04-28","Kelly Kozar","on ridge"
"20210428171318-798773527.145386","20210428161330-216733515.262604","3",21.129187,"North",-156.885789,"West","World Geodetic System 1984","2021-04-28","Kelly Kozar","on ridge"
"20210428171318-151756227.016449","20210428161330-216733515.262604","4",21.129224,"North",-156.884421,"West","World Geodetic System 1984","2021-04-28","Kelly Kozar","on ridge"
"20210428171318-592991232.872009","20210428161330-216733515.262604","5",21.129846,"North",-156.882901,"West","World Geodetic System 1984","2021-04-28","Kelly Kozar","on ungulate transect"
"20210428171318-956236898.899078","20210428161330-216733515.262604","6",21.130869,"North",-156.882357,"West","World Geodetic System 1984","2021-04-28","Kelly Kozar","on ungulate transect"
"20210428171318-243147850.036621","20210428161330-216733515.262604","7",21.131368,"North",-156.881118,"West","World Geodetic System 1984","2021-04-28","Kelly Kozar","on ungulate transect"
"20210428171318-939971148.967743","20210428161330-216733515.262604","8",21.131487,"North",-156.879817,"West","World Geodetic System 1984","2021-04-28","Kelly Kozar","on trail"
"20210428171318-900333881.378174","20210428161330-379604697.227478","1",21.186074,"North",-156.967638,"West","World Geodetic System 1984","2021-04-28","Kelly Kozar","Kauhaku Crater"
"20210428171318-231596648.693085","20210428161330-379604697.227478","2",21.185707,"North",-156.966382,"West","World Geodetic System 1984","2021-04-28","Kelly Kozar","Kauhaku Crater"
"20210428171318-949905514.717102","20210428161330-379604697.227478","3",21.185781,"North",-156.964984,"West","World Geodetic System 1984","2021-04-28","Kelly Kozar","Kauhaku Crater"
"20210428171318-846187412.7388","20210428161330-379604697.227478","4",21.186426,"North",-156.963801,"West","World Geodetic System 1984","2021-04-28","Kelly Kozar","Kauhaku Crater"
"20210428171318-441216230.392456","20210428161330-379604697.227478","5",21.187492,"North",-156.963093,"West","World Geodetic System 1984","2021-04-28","Kelly Kozar","Kauhaku Crater"
"20210428171318-492006242.275238","20210428161330-379604697.227478","6",21.188024,"North",-156.963817,"West","World Geodetic System 1984","2021-04-28","Kelly Kozar","Kauhaku Crater"
"20210428171318-769506812.095642","20210428161330-379604697.227478","8",21.187082,"North",-156.965775,"West","World Geodetic System 1984","2021-04-28","Kelly Kozar","Kauhaku Crater"
"20210428171318-834893286.22818","20210428161330-379604697.227478","9",21.186644,"North",-156.966918,"West","World Geodetic System 1984","2021-04-28","Kelly Kozar","Kauhaku Crater"
"20210428171318-382569313.049316","20210428161330-463584005.832672","1",21.169907,"North",-156.915548,"West","World Geodetic System 1984","2021-04-28","Kelly Kozar","Kukaiwaa Peninsula"
"20210428171318-195534884.929657","20210428161330-463584005.832672","2",21.169180,"North",-156.914461,"West","World Geodetic System 1984","2021-04-28","Kelly Kozar","Kukaiwaa Peninsula"
"20210428171318-326157212.257385","20210428161330-463584005.832672","3",21.167928,"North",-156.914881,"West","World Geodetic System 1984","2021-05-18","Kelly Kozar","Kukaiwaa Peninsula; updated original spreadsheet coordinates."
"20210428171318-413233101.36795","20210428161330-463584005.832672","4",21.168228,"North",-156.916106,"West","World Geodetic System 1984","2021-06-25","Kelly Kozar","Kukaiwaa Peninsula.  Corrected back to original position on 6/25/21 and added 4A with new coordinates."
"20210625132208-705547511.577606","20210428161330-463584005.832672","4A",21.168843,"North",-156.915443,"West","World Geodetic System 1984","2021-07-07","Seth Judge","Kukaiwaa Peninsula (New Station 2021; 4A)"
"20210428171318-152676820.755005","20210428161330-463584005.832672","5",21.167220,"North",-156.916684,"West","World Geodetic System 1984","2021-04-28","Kelly Kozar","Kukaiwaa Peninsula (moved slightly in 2021)"
"20210428171318-99409937.8585815","20210428161330-463584005.832672","5A",21.167366,"North",-156.915801,"West","World Geodetic System 1984","2021-07-07","Seth Judge","Kukaiwaa Peninsula (New Station 2021, between 3 and 5; 5A)"
"20210428171318-619831502.437592","20210428161330-463584005.832672","6",21.169022,"North",-156.917092,"West","World Geodetic System 1984","2021-04-28","Kelly Kozar","Kukaiwaa Peninsula"
"20210428171318-205047190.189362","20210428161330-463584005.832672","7",21.168215,"North",-156.917994,"West","World Geodetic System 1984","2021-04-28","Kelly Kozar","Kukaiwaa Peninsula (New Station 2021)"
"20210428171318-634571135.044098","20210428161330-48118889.3318176","1",21.124749,"North",-156.897110,"West","World Geodetic System 1984","2021-04-28","Kelly Kozar","at corner of fence on rim"
"20210428171318-347832679.748535","20210428161330-48118889.3318176","10",21.125646,"North",-156.908281,"West","World Geodetic System 1984","2021-04-28","Kelly Kozar","on fence"
"20210428171318-802587389.945984","20210428161330-48118889.3318176","12",21.124215,"North",-156.908651,"West","World Geodetic System 1984","2021-04-28","Kelly Kozar","on fence where trail intersects"
"20210428171318-696100771.427155","20210428161330-48118889.3318176","13",21.123798,"North",-156.910021,"West","World Geodetic System 1984","2021-04-28","Kelly Kozar","on jeep road"
"20210428171318-417599201.202393","20210428161330-48118889.3318176","14",21.124430,"North",-156.911478,"West","World Geodetic System 1984","2021-04-28","Kelly Kozar","on jeep road"
"20210428171318-734488189.220428","20210428161330-48118889.3318176","15",21.125648,"North",-156.912125,"West","World Geodetic System 1984","2021-04-28","Kelly Kozar","on jeep road"
"20210428171318-277168393.135071","20210428161330-48118889.3318176","16",21.126392,"North",-156.913087,"West","World Geodetic System 1984","2021-04-28","Kelly Kozar","on jeep road"
"20210428171318-356586277.484894","20210428161330-48118889.3318176","17",21.126112,"North",-156.914605,"West","World Geodetic System 1984","2021-04-28","Kelly Kozar","on jeep road"
"20210428171318-433457136.154175","20210428161330-48118889.3318176","18",21.126552,"North",-156.915838,"West","World Geodetic System 1984","2021-04-28","Kelly Kozar","on jeep road"
"20210428171318-944971024.990082","20210428161330-48118889.3318176","19",21.127075,"North",-156.917245,"West","World Geodetic System 1984","2021-04-28","Kelly Kozar","on jeep road"
"20210428171318-713027954.101563","20210428161330-48118889.3318176","2",21.125388,"North",-156.898338,"West","World Geodetic System 1984","2021-04-28","Kelly Kozar","on fence"
"20210428171318-15682399.2729187","20210428161330-48118889.3318176","3",21.125639,"North",-156.899709,"West","World Geodetic System 1984","2021-04-28","Kelly Kozar","on fence"
"20210428171318-431144356.7276","20210428161330-48118889.3318176","4",21.125594,"North",-156.901118,"West","World Geodetic System 1984","2021-04-28","Kelly Kozar","on fence"
"20210428171318-401982605.457306","20210428161330-48118889.3318176","5",21.125718,"North",-156.902382,"West","World Geodetic System 1984","2021-04-28","Kelly Kozar","on fence"
"20210428171318-275295495.986938","20210428161330-48118889.3318176","6",21.126195,"North",-156.903757,"West","World Geodetic System 1984","2021-04-28","Kelly Kozar","on fence"
"20210428171318-121549963.951111","20210428161330-48118889.3318176","7",21.125933,"North",-156.905191,"West","World Geodetic System 1984","2021-04-28","Kelly Kozar","on fence"
"20210428171318-985373914.241791","20210428161330-48118889.3318176","9",21.125773,"North",-156.906849,"West","World Geodetic System 1984","2021-04-28","Kelly Kozar","on fence"
"20210428171318-875779688.358307","20210428161330-533022344.112396","10",21.115608,"North",-156.898451,"West","World Geodetic System 1984","2021-04-28","Kelly Kozar","on TNC trail"
"20210428171318-954157948.493958","20210428161330-533022344.112396","11",21.116709,"North",-156.897642,"West","World Geodetic System 1984","2021-04-28","Kelly Kozar","on TNC trail"
"20210428171318-416648387.908936","20210428161330-533022344.112396","13",21.117819,"North",-156.896855,"West","World Geodetic System 1984","2021-04-28","Kelly Kozar","on TNC trail"
"20210428171318-123082816.6008","20210428161330-533022344.112396","14",21.118645,"North",-156.895741,"West","World Geodetic System 1984","2021-04-28","Kelly Kozar","on TNC trail, near fenceline leading to Pepeopae"
"20210428171318-757029533.38623","20210428161330-533022344.112396","3",21.111920,"North",-156.906910,"West","World Geodetic System 1984","2021-04-28","Kelly Kozar","below fence"
"20210428171318-800669848.918915","20210428161330-533022344.112396","4",21.112930,"North",-156.906084,"West","World Geodetic System 1984","2021-04-28","Kelly Kozar","on TNC trail"
"20210428171318-325205445.289612","20210428161330-533022344.112396","5",21.112940,"North",-156.904654,"West","World Geodetic System 1984","2021-04-28","Kelly Kozar","on TNC ungulate transect"
"20210428171318-972729027.271271","20210428161330-533022344.112396","6",21.113057,"North",-156.903198,"West","World Geodetic System 1984","2021-04-28","Kelly Kozar","on TNC ungulate transect"
"20210428171318-804267168.045044","20210428161330-533022344.112396","7",21.113347,"North",-156.901790,"West","World Geodetic System 1984","2021-04-28","Kelly Kozar","on TNC ungulate transect"
"20210428171318-674826085.567474","20210428161330-533022344.112396","8",21.113863,"North",-156.900463,"West","World Geodetic System 1984","2021-04-28","Kelly Kozar","on TNC trail"
"20210428171318-905129313.468933","20210428161330-533022344.112396","9",21.114425,"North",-156.899150,"West","World Geodetic System 1984","2021-04-28","Kelly Kozar","on TNC trail"
"20210428171318-696285009.384155","20210428161330-561009287.834167","1",21.104029,"North",-156.902679,"West","World Geodetic System 1984","2021-04-28","Kelly Kozar","on old road"
"20210428171318-643046796.321869","20210428161330-561009287.834167","10",21.109637,"North",-156.891748,"West","World Geodetic System 1984","2021-04-28","Kelly Kozar","on fence"
"20210428171318-849099993.70575","20210428161330-561009287.834167","11",21.110318,"North",-156.890574,"West","World Geodetic System 1984","2021-04-28","Kelly Kozar","on fence"
"20210428171318-497969210.147858","20210428161330-561009287.834167","12",21.110898,"North",-156.889331,"West","World Geodetic System 1984","2021-04-28","Kelly Kozar","on fence"
"20210428171318-187775135.040283","20210428161330-561009287.834167","13",21.111888,"North",-156.888346,"West","World Geodetic System 1984","2021-04-28","Kelly Kozar","on fence"
"20210428171318-896616637.706757","20210428161330-561009287.834167","14",21.112970,"North",-156.887478,"West","World Geodetic System 1984","2021-04-28","Kelly Kozar","on fence"
"20210428171318-372814297.676086","20210428161330-561009287.834167","15",21.113795,"North",-156.886291,"West","World Geodetic System 1984","2021-04-28","Kelly Kozar","on fence"
"20210428171318-401604592.80014","20210428161330-561009287.834167","2",21.104445,"North",-156.901309,"West","World Geodetic System 1984","2021-04-28","Kelly Kozar","on old road"
"20210428171318-16297698.0209351","20210428161330-561009287.834167","3",21.105537,"North",-156.900462,"West","World Geodetic System 1984","2021-04-28","Kelly Kozar","on old road"
"20210428171318-167762815.952301","20210428161330-561009287.834167","4",21.106436,"North",-156.899459,"West","World Geodetic System 1984","2021-04-28","Kelly Kozar","on old road"
"20210428171318-164234161.376953","20210428161330-561009287.834167","5",21.107153,"North",-156.898227,"West","World Geodetic System 1984","2021-04-28","Kelly Kozar","on old road"
"20210428171318-509720027.446747","20210428161330-561009287.834167","6",21.108106,"North",-156.897206,"West","World Geodetic System 1984","2021-04-28","Kelly Kozar","on fence"
"20210428171318-406062722.206116","20210428161330-561009287.834167","7",21.108296,"North",-156.895780,"West","World Geodetic System 1984","2021-04-28","Kelly Kozar","on fence"
"20210428171318-106133759.021759","20210428161330-561009287.834167","8",21.108305,"North",-156.894341,"West","World Geodetic System 1984","2021-04-28","Kelly Kozar","on fence"
"20210428171318-276123285.293579","20210428161330-561009287.834167","9",21.108931,"North",-156.893051,"West","World Geodetic System 1984","2021-04-28","Kelly Kozar","on fence"
"20210428171318-585937917.232513","20210428161330-613934934.139252","1",21.103373,"North",-156.860729,"West","World Geodetic System 1984","2021-04-28","Kelly Kozar","on fence"
"20210428171318-931559443.473816","20210428161330-613934934.139252","2",21.102042,"North",-156.860462,"West","World Geodetic System 1984","2021-04-28","Kelly Kozar","on fence"
"20210428171318-517192423.343658","20210428161330-613934934.139252","3",21.100695,"North",-156.860688,"West","World Geodetic System 1984","2021-04-28","Kelly Kozar","on fence"
"20210428171318-330300807.952881","20210428161330-613934934.139252","4",21.099434,"North",-156.861231,"West","World Geodetic System 1984","2021-04-28","Kelly Kozar","on fence"
"20210428171318-868453681.468964","20210428161330-613934934.139252","5",21.098228,"North",-156.861879,"West","World Geodetic System 1984","2021-04-28","Kelly Kozar","on fence"
"20210428171318-245173931.121826","20210428161330-61522245.4071045","1",21.174665,"North",-156.997691,"West","World Geodetic System 1984","2021-04-28","Kelly Kozar","Topside Trail"
"20210428171318-860162436.962128","20210428161330-61522245.4071045","2",21.175058,"North",-156.997282,"West","World Geodetic System 1984","2021-04-28","Kelly Kozar","Topside Trail"
"20210428171318-74950337.4099731","20210428161330-61522245.4071045","3",21.175672,"North",-156.995752,"West","World Geodetic System 1984","2021-04-28","Kelly Kozar","Topside Trail"
"20210428171318-438826382.160187","20210428161330-61522245.4071045","4",21.175878,"North",-156.997126,"West","World Geodetic System 1984","2021-04-28","Kelly Kozar","Topside Trail"
"20210428171318-759979009.628296","20210428161330-61522245.4071045","5",21.176624,"North",-156.997569,"West","World Geodetic System 1984","2021-04-28","Kelly Kozar","Topside Trail"
"20210428171318-245678842.067719","20210428161330-61522245.4071045","6",21.177548,"North",-156.998615,"West","World Geodetic System 1984","2021-04-28","Kelly Kozar","Topside Trail"
"20210428171318-378606200.218201","20210428161330-61522245.4071045","7",21.178406,"North",-156.997853,"West","World Geodetic System 1984","2021-04-28","Kelly Kozar","Topside Trail"
"20210428171318-692517757.415771","20210428161330-65851032.7339172","1",21.154313,"North",-156.959532,"West","World Geodetic System 1984","2021-04-28","Kelly Kozar","Upper Waihanau"
"20210428171318-504459083.080292","20210428161330-65851032.7339172","2",21.155290,"North",-156.960424,"West","World Geodetic System 1984","2021-04-28","Kelly Kozar","Upper Waihanau"
"20210428171318-183076024.055481","20210428161330-65851032.7339172","3",21.155874,"North",-156.961610,"West","World Geodetic System 1984","2021-04-28","Kelly Kozar","Upper Waihanau"
"20210428171318-872118115.42511","20210428161330-714816331.863403","1",21.120711,"North",-156.896241,"West","World Geodetic System 1984","2021-04-28","Kelly Kozar","Pepeopae Trail, at rim"
"20210428171318-783374011.516571","20210428161330-714816331.863403","10",21.117770,"North",-156.906758,"West","World Geodetic System 1984","2021-04-28","Kelly Kozar","Pepeopae Trail"
"20210428171318-791155457.496643","20210428161330-714816331.863403","11",21.118247,"North",-156.908104,"West","World Geodetic System 1984","2021-04-28","Kelly Kozar","Pepeopae Trail trailhead"
"20210428171318-332691490.650177","20210428161330-714816331.863403","12",21.117921,"North",-156.909456,"West","World Geodetic System 1984","2021-04-28","Kelly Kozar","on road"
"20210428171318-450942277.908325","20210428161330-714816331.863403","13",21.117767,"North",-156.910890,"West","World Geodetic System 1984","2021-04-28","Kelly Kozar","on road"
"20210428171318-555113255.977631","20210428161330-714816331.863403","14",21.117369,"North",-156.912265,"West","World Geodetic System 1984","2021-04-28","Kelly Kozar","on road"
"20210428171318-581502735.614777","20210428161330-714816331.863403","2",21.119491,"North",-156.896916,"West","World Geodetic System 1984","2021-04-28","Kelly Kozar","Pepeopae Trail, on fence"
"20210428171318-729410886.764526","20210428161330-714816331.863403","3",21.119382,"North",-156.898342,"West","World Geodetic System 1984","2021-04-28","Kelly Kozar","Pepeopae Trail"
"20210428171318-145000398.159027","20210428161330-714816331.863403","4",21.119210,"North",-156.899788,"West","World Geodetic System 1984","2021-04-28","Kelly Kozar","Pepeopae Trail"
"20210428171318-257789969.444275","20210428161330-714816331.863403","5",21.118713,"North",-156.901162,"West","World Geodetic System 1984","2021-04-28","Kelly Kozar","Pepeopae Trail"
"20210428171318-28246939.1822815","20210428161330-714816331.863403","6",21.118432,"North",-156.902578,"West","World Geodetic System 1984","2021-04-28","Kelly Kozar","Pepeopae Trail"
"20210428171318-827898979.187012","20210428161330-714816331.863403","7",21.118305,"North",-156.904011,"West","World Geodetic System 1984","2021-04-28","Kelly Kozar","Pepeopae Trail"
"20210428171318-803330302.238464","20210428161330-714816331.863403","8",21.117816,"North",-156.905337,"West","World Geodetic System 1984","2021-04-28","Kelly Kozar","Pepeopae Trail"
"20210428171318-185402512.550354","20210428161330-747415781.021118","1",21.127662,"North",-156.897495,"West","World Geodetic System 1984","2021-04-28","Kelly Kozar","on fence, south of trail intersection"
"20210428171318-395844280.719757","20210428161330-782138705.253601","10",21.136651,"North",-156.905011,"West","World Geodetic System 1984","2021-04-28","Kelly Kozar","on ungulate transect, trail intersection"
"20210428171318-281503438.949585","20210428161330-782138705.253601","11",21.137724,"North",-156.905677,"West","World Geodetic System 1984","2021-04-28","Kelly Kozar","on trail"
"20210428171318-503371179.103851","20210428161330-782138705.253601","12",21.138938,"North",-156.905979,"West","World Geodetic System 1984","2021-04-28","Kelly Kozar","on trail"
"20210428171318-138732314.109802","20210428161330-782138705.253601","13",21.139844,"North",-156.906170,"West","World Geodetic System 1984","2021-04-28","Kelly Kozar","on trail"
"20210428171318-517255842.685699","20210428161330-782138705.253601","14",21.140550,"North",-156.907058,"West","World Geodetic System 1984","2021-04-28","Kelly Kozar","on trail"
"20210428171318-965364456.176758","20210428161330-782138705.253601","15",21.141339,"North",-156.908052,"West","World Geodetic System 1984","2021-04-28","Kelly Kozar","on trail"
"20210428171318-557501018.047333","20210428161330-782138705.253601","16",21.142080,"North",-156.908817,"West","World Geodetic System 1984","2021-04-28","Kelly Kozar","on trail"
"20210428171318-909204125.404358","20210428161330-782138705.253601","17",21.142748,"North",-156.909487,"West","World Geodetic System 1984","2021-04-28","Kelly Kozar","on trail, in stream"
"20210428171318-657256424.427032","20210428161330-782138705.253601","18",21.143733,"North",-156.909601,"West","World Geodetic System 1984","2021-04-28","Kelly Kozar","on trail, below fence"
"20210428171318-441114664.077759","20210428161330-782138705.253601","19",21.144763,"North",-156.910356,"West","World Geodetic System 1984","2021-04-28","Kelly Kozar","on trail"
"20210428171318-77684700.4890442","20210428161330-782138705.253601","2",21.128435,"North",-156.898668,"West","World Geodetic System 1984","2021-04-28","Kelly Kozar","on ungulate transect"
"20210428171318-692994534.96933","20210428161330-782138705.253601","20",21.145906,"North",-156.910741,"West","World Geodetic System 1984","2021-04-28","Kelly Kozar","on trail"
"20210428171318-64491152.7633667","20210428161330-782138705.253601","21",21.147190,"North",-156.910897,"West","World Geodetic System 1984","2021-04-28","Kelly Kozar","on trail"
"20210428171318-756092607.975006","20210428161330-782138705.253601","22",21.148297,"North",-156.911322,"West","World Geodetic System 1984","2021-04-28","Kelly Kozar","on ungulate transect"
"20210428171318-700514316.558838","20210428161330-782138705.253601","23",21.149529,"North",-156.911608,"West","World Geodetic System 1984","2021-04-28","Kelly Kozar","on ungulate transect"
"20210428171318-497070968.151093","20210428161330-782138705.253601","24",21.150579,"North",-156.911787,"West","World Geodetic System 1984","2021-04-28","Kelly Kozar","on ungulate transect"
"20210428171318-155435681.343079","20210428161330-782138705.253601","25",21.151633,"North",-156.911566,"West","World Geodetic System 1984","2021-04-28","Kelly Kozar","on ungulate transect"
"20210428171318-223737537.86087","20210428161330-782138705.253601","26",21.152698,"North",-156.911551,"West","World Geodetic System 1984","2021-04-28","Kelly Kozar","on trail"
"20210428171318-326143980.026245","20210428161330-782138705.253601","27",21.153768,"North",-156.911904,"West","World Geodetic System 1984","2021-04-28","Kelly Kozar","on trail"
"20210428171318-784488618.373871","20210428161330-782138705.253601","28",21.155268,"North",-156.912673,"West","World Geodetic System 1984","2021-04-28","Kelly Kozar","on trail"
"20210428171318-50262808.7997437","20210428161330-782138705.253601","29",21.156545,"North",-156.912975,"West","World Geodetic System 1984","2021-04-28","Kelly Kozar","on trail"
"20210428171318-432759523.391724","20210428161330-782138705.253601","3",21.129148,"North",-156.900045,"West","World Geodetic System 1984","2021-04-28","Kelly Kozar","on ungulate transect"
"20210428171318-518015921.115875","20210428161330-782138705.253601","30",21.157646,"North",-156.912911,"West","World Geodetic System 1984","2021-04-28","Kelly Kozar","on trail"
"20210428171318-959270894.527435","20210428161330-782138705.253601","4",21.130100,"North",-156.901079,"West","World Geodetic System 1984","2021-04-28","Kelly Kozar","on ungulate transect"
"20210428171318-542029261.58905","20210428161330-782138705.253601","5",21.130932,"North",-156.901964,"West","World Geodetic System 1984","2021-04-28","Kelly Kozar","on trail"
"20210428171318-494376718.997955","20210428161330-782138705.253601","6",21.131995,"North",-156.903202,"West","World Geodetic System 1984","2021-04-28","Kelly Kozar","on ungulate transect"
"20210428171318-972966670.98999","20210428161330-782138705.253601","7",21.132941,"North",-156.903764,"West","World Geodetic System 1984","2021-04-28","Kelly Kozar","on ungulate transect"
"20210428171318-217799842.357635","20210428161330-782138705.253601","8",21.134189,"North",-156.904569,"West","World Geodetic System 1984","2021-04-28","Kelly Kozar","on ungulate transect"
"20210428171318-378991246.22345","20210428161330-782138705.253601","9",21.135446,"North",-156.904711,"West","World Geodetic System 1984","2021-04-28","Kelly Kozar","on ungulate transect"
"20210428171318-397243559.360504","20210428161330-793197572.231293","1",21.152860,"North",-156.923980,"West","World Geodetic System 1984","2021-04-28","Kelly Kozar","Waikolu Valley"
"20210428171318-652376711.368561","20210428161330-793197572.231293","10",21.161866,"North",-156.930786,"West","World Geodetic System 1984","2021-04-28","Kelly Kozar","Waikolu Valley"
"20210428171318-526573181.152344","20210428161330-793197572.231293","2",21.153834,"North",-156.924621,"West","World Geodetic System 1984","2021-04-28","Kelly Kozar","Waikolu Valley"
"20210428171318-270359218.120575","20210428161330-793197572.231293","3",21.154959,"North",-156.925770,"West","World Geodetic System 1984","2021-04-28","Kelly Kozar","Waikolu Valley"
"20210428171318-581176400.184631","20210428161330-793197572.231293","4",21.156344,"North",-156.926752,"West","World Geodetic System 1984","2021-04-28","Kelly Kozar","Waikolu Valley"
"20210428171318-209698975.086212","20210428161330-793197572.231293","5",21.157257,"North",-156.927519,"West","World Geodetic System 1984","2021-04-28","Kelly Kozar","Waikolu Valley"
"20210518143101-289562463.760376","20210428161330-793197572.231293","6",21.158335,"North",-156.929125,"West","World Geodetic System 1984","2021-05-18","Kelly Kozar","Added station that was missing in original spreadsheet from Seth."
"20210428171318-78708887.1002197","20210428161330-793197572.231293","7",21.159159,"North",-156.929466,"West","World Geodetic System 1984","2021-04-28","Kelly Kozar","Waikolu Valley"
"20210428171318-895446240.901947","20210428161330-793197572.231293","8",21.159548,"North",-156.930515,"West","World Geodetic System 1984","2021-05-18","Kelly Kozar","Waikolu Valley; updated original spreadsheet coordinates."
"20210428171318-111432909.965515","20210428161330-793197572.231293","9",21.160838,"North",-156.931393,"West","World Geodetic System 1984","2021-05-18","Kelly Kozar","Waikolu Valley; updated original spreadsheet coordinates."
"20210428171318-2505660.05706787","20210428161330-807779788.970947","10",21.092144,"North",-156.863316,"West","World Geodetic System 1984","2021-04-28","Kelly Kozar","on fence, go back up to trail leading to Kamoa LZ"
"20210428171318-259060978.889465","20210428161330-807779788.970947","6",21.097141,"North",-156.862735,"West","World Geodetic System 1984","2021-04-28","Kelly Kozar","on fence"
"20210428171318-259541332.72171","20210428161330-807779788.970947","7",21.096048,"North",-156.863605,"West","World Geodetic System 1984","2021-04-28","Kelly Kozar","on fence"
"20210428171318-178693532.943726","20210428161330-807779788.970947","8",21.094752,"North",-156.864032,"West","World Geodetic System 1984","2021-04-28","Kelly Kozar","on fence"
"20210428171318-346957147.121429","20210428161330-807779788.970947","9",21.093434,"North",-156.863702,"West","World Geodetic System 1984","2021-04-28","Kelly Kozar","on fence"
"20210428171318-805275440.216064","20210428161330-956762433.052063","1",21.107367,"North",-156.871960,"West","World Geodetic System 1984","2021-04-28","Kelly Kozar"," "
"20210428171318-109738528.728485","20210428161330-956762433.052063","10",21.097360,"North",-156.877684,"West","World Geodetic System 1984","2021-04-28","Kelly Kozar"," "
"20210428171318-290577530.860901","20210428161330-956762433.052063","11",21.096268,"North",-156.878451,"West","World Geodetic System 1984","2021-04-28","Kelly Kozar"," "
"20210428171318-989428222.179413","20210428161330-956762433.052063","2",21.106234,"North",-156.872352,"West","World Geodetic System 1984","2021-04-28","Kelly Kozar"," "
"20210428171318-258442044.258118","20210428161330-956762433.052063","3",21.105057,"North",-156.872859,"West","World Geodetic System 1984","2021-04-28","Kelly Kozar"," "
"20210428171318-174484074.115753","20210428161330-956762433.052063","4",21.103928,"North",-156.873530,"West","World Geodetic System 1984","2021-04-28","Kelly Kozar"," "
"20210428171318-694607496.261597","20210428161330-956762433.052063","5",21.102773,"North",-156.874355,"West","World Geodetic System 1984","2021-04-28","Kelly Kozar"," "
"20210428171318-16988694.6678162","20210428161330-956762433.052063","6",21.101504,"North",-156.874738,"West","World Geodetic System 1984","2021-04-28","Kelly Kozar"," "
"20210428171318-339090704.917908","20210428161330-956762433.052063","7",21.100227,"North",-156.875122,"West","World Geodetic System 1984","2021-04-28","Kelly Kozar"," "
"20210428171318-692547857.761383","20210428161330-956762433.052063","8",21.099262,"North",-156.875992,"West","World Geodetic System 1984","2021-04-28","Kelly Kozar"," "
"20210428171318-110386848.449707","20210428161330-956762433.052063","9",21.098279,"North",-156.876786,"West","World Geodetic System 1984","2021-04-28","Kelly Kozar"," "
