,Observation_ID,Event_ID,Species_ID
0,20210506133334-298165440.559387,20210506132904-814490020.275116,20200813140240-887522280.216217
1,20210506133606-695115506.649017,20210506132904-814490020.275116,20200813140240-941978275.775909
2,20210506133922-979829370.975494,20210506133922-948571085.929871,20200813140240-887522280.216217
3,20210506134142-207561135.292053,20210506133922-948571085.929871,20200813140240-641774833.202362
4,20210506134202-457971453.666687,20210506133922-948571085.929871,20200813140240-34356594.0856934
5,20210506140555-561040103.435516,20210506140555-97973823.5473633,20200813140240-887522280.216217
6,20210506140902-269731581.21109,20210506140902-404834151.268005,20200813140240-941978275.775909
7,20210506141020-489894747.73407,20210506140902-404834151.268005,20200813140240-837038218.975067
8,20210506141043-257267653.942108,20210506140902-404834151.268005,20200813140240-641774833.202362
9,20210506141120-156302213.668823,20210506140902-404834151.268005,20200813140240-887522280.216217
10,20210506141851-128249883.651733,20210506141851-331694424.152374,20200813140240-941978275.775909
11,20210506141954-678913354.873657,20210506141851-331694424.152374,20200813140240-837038218.975067
12,20210506142016-89641392.2309875,20210506141851-331694424.152374,20200813140240-887522280.216217
13,20210506142038-95429062.8433228,20210506141851-331694424.152374,20200813140240-34356594.0856934
14,20210506142103-443862497.806549,20210506141851-331694424.152374,20200813140240-641774833.202362
15,20210506142206-256628930.568695,20210506141851-331694424.152374,20200813140240-941978275.775909
16,20210506142219-790128886.699677,20210506141851-331694424.152374,20200813140240-871533870.697021
17,20210507082809-56236863.1362915,20210507082716-961953163.146973,20200813140240-941978275.775909
18,20210507082848-298165440.559387,20210507082716-961953163.146973,20200813140240-34356594.0856934
19,20210507082911-263792932.033539,20210507082716-961953163.146973,20200813140240-871533870.697021
20,20210507083117-910964310.16922,20210507082716-961953163.146973,20200813140240-887522280.216217
21,20210507083257-676175892.353058,20210507082716-961953163.146973,20200813140240-837038218.975067
22,20210507083323-798884391.784668,20210507082716-961953163.146973,20200813140240-641774833.202362
23,20210507084829-712730467.319489,20210507084829-412766814.231873,20200813140240-941978275.775909
24,20210507085003-631742417.812347,20210507084829-412766814.231873,20200813140240-887522280.216217
25,20210507085240-834817171.096802,20210507084829-412766814.231873,20200813140240-34356594.0856934
26,20210507085302-677947700.023651,20210507084829-412766814.231873,20200813140240-837038218.975067
27,20210507085404-269731581.21109,20210507084829-412766814.231873,20200813140240-871533870.697021
28,20210507090146-156302213.668823,20210507090145-542070209.980011,20200813140240-641774833.202362
29,20210507090703-783995270.729065,20210507090145-542070209.980011,20200813140240-941978275.775909
30,20210507090846-241219.997406006,20210507090145-542070209.980011,20200813140240-34356594.0856934
31,20210507091041-544013977.050781,20210507090145-542070209.980011,20200813140240-887522280.216217
32,20210507091127-149981081.485748,20210507090145-542070209.980011,20200813140240-837038218.975067
33,20210507091202-89641392.2309875,20210507090145-542070209.980011,20200813140240-871533870.697021
34,20210507142320-45352756.9770813,20210507142320-709037899.971008,20200813140240-941978275.775909
35,20210507142526-53504526.6151428,20210507142320-709037899.971008,20200813140240-837038218.975067
36,20210507142550-622696697.711945,20210507142320-709037899.971008,20200813140240-887522280.216217
37,20210507142622-986093163.490295,20210507142320-709037899.971008,20200813140240-641774833.202362
38,20210507142655-243931353.092194,20210507142320-709037899.971008,20200813140240-34356594.0856934
39,20210507143903-798884391.784668,20210507142320-709037899.971008,20200813140240-871533870.697021
40,20210507144228-646587133.407593,20210507144142-160441517.829895,20200813140240-887522280.216217
41,20210507144402-905729830.265045,20210507144142-160441517.829895,20200813140240-837038218.975067
42,20210507144426-289665043.354034,20210507144142-160441517.829895,20200813140240-641774833.202362
43,20210507144506-428456366.062164,20210507144142-160441517.829895,20200813140240-34356594.0856934
44,20210507144527-913717567.920685,20210507144142-160441517.829895,20200813140240-871533870.697021
45,20210507144607-677947700.023651,20210507144142-160441517.829895,20200813140240-941978275.775909
46,20210507144810-628751873.970032,20210507144810-257267653.942108,20200813140240-837038218.975067
47,20210507145034-107375323.77243,20210507144810-257267653.942108,20200813140240-941978275.775909
48,20210507145134-536794066.429138,20210507144810-257267653.942108,20200813140240-34356594.0856934
49,20210507145156-81893563.2705688,20210507144810-257267653.942108,20200813140240-641774833.202362
50,20210507145744-757729291.915894,20210507144810-257267653.942108,20200813140240-749775350.093842
51,20210507145814-207627296.447754,20210507144810-257267653.942108,20200813140240-887522280.216217
52,20210507150027-790128886.699677,20210507150027-322717666.625977,20200813140240-34356594.0856934
53,20210507150146-482428073.883057,20210507150027-322717666.625977,20200813140240-941978275.775909
54,20210507150201-927883088.588715,20210507150027-322717666.625977,20200813140240-887522280.216217
55,20210507150300-149245738.983154,20210507150300-347726404.666901,20200813140240-34356594.0856934
56,20210507151252-345391631.126404,20210507150300-347726404.666901,20200813140240-941978275.775909
57,20210507151309-672427594.661713,20210507150300-347726404.666901,20200813140240-887522280.216217
58,20210507151319-495211303.2341,20210507150300-347726404.666901,20200813140240-837038218.975067
59,20210507151506-489830434.322357,20210507151506-619187593.460083,20200813140240-941978275.775909
60,20210507151851-223261773.586273,20210507151506-619187593.460083,20200813140240-837038218.975067
61,20210507151954-190633416.175842,20210507151506-619187593.460083,20200813140240-34356594.0856934
62,20210507152004-613934934.139252,20210507151506-619187593.460083,20200813140240-887522280.216217
63,20210507152307-561009287.834167,20210507152306-533022344.112396,20200813140240-941978275.775909
64,20210507152441-431144356.7276,20210507152306-533022344.112396,20200813140240-34356594.0856934
65,20210507152511-802587389.945984,20210507152306-533022344.112396,20200813140240-887522280.216217
66,20210507153055-494376718.997955,20210507153054-542029261.58905,20200813140240-941978275.775909
67,20210507153159-965364456.176758,20210507153054-542029261.58905,20200813140240-887522280.216217
68,20210507153242-64491152.7633667,20210507153054-542029261.58905,20200813140240-837038218.975067
69,20210507153429-674826085.567474,20210507153429-804267168.045044,20200813140240-887522280.216217
70,20210507153519-401604592.80014,20210507153429-804267168.045044,20200813140240-941978275.775909
71,20210507153534-406062722.206116,20210507153429-804267168.045044,20200813140240-837038218.975067
72,20210507153553-849099993.70575,20210507153429-804267168.045044,20200813140240-887522280.216217
73,20210507153748-374432206.15387,20210507153748-610432803.630829,20200813140240-34356594.0856934
74,20210507153837-931559443.473816,20210507153748-610432803.630829,20200813140240-887522280.216217
75,20210507153916-178693532.943726,20210507153748-610432803.630829,20200813140240-837038218.975067
76,20210507153930-840887069.702148,20210507153748-610432803.630829,20200813140240-941978275.775909
77,20210507153949-437663912.773132,20210507153748-610432803.630829,20200813140240-871533870.697021
78,20210510074545-14017641.544342,20210510074545-774740099.906921,20200813140240-887522280.216217
79,20210510074711-961953163.146973,20210510074545-774740099.906921,20200813140240-34356594.0856934
80,20210510074807-364018678.665161,20210510074545-774740099.906921,20200813140240-641774833.202362
81,20210510074822-53504526.6151428,20210510074545-774740099.906921,20200813140240-941978275.775909
82,20210510075033-910964310.16922,20210510075031-986093163.490295,20200813140240-887522280.216217
83,20210510075357-979829370.975494,20210510075357-948571085.929871,20200813140240-837038218.975067
84,20210510075502-646587133.407593,20210510075357-948571085.929871,20200813140240-941978275.775909
85,20210510075519-326206207.275391,20210510075357-948571085.929871,20200813140240-887522280.216217
86,20210510081021-502453923.225403,20210510081021-677947700.023651,20200813140240-837038218.975067
87,20210510081125-55593490.6005859,20210510081021-677947700.023651,20200813140240-887522280.216217
88,20210510081145-489894747.73407,20210510081021-677947700.023651,20200813140240-61015367.5079346
89,20210510081156-257267653.942108,20210510081021-677947700.023651,20200813140240-34356594.0856934
90,20210510081402-390471458.435059,20210510081402-506087362.766266,20200813140240-887522280.216217
91,20210510081609-105452656.745911,20210510081402-506087362.766266,20200813140240-837038218.975067
92,20210510081635-536794066.429138,20210510081402-506087362.766266,20200813140240-61015367.5079346
93,20210510081650-827411830.425262,20210510081402-506087362.766266,20200813140240-871533870.697021
94,20210510081703-678913354.873657,20210510081402-506087362.766266,20200813140240-34356594.0856934
95,20210510081734-704395771.026611,20210510081402-506087362.766266,20200813140240-941978275.775909
96,20210510081913-329735934.734344,20210510081913-207627296.447754,20200813140240-837038218.975067
97,20210510082055-443862497.806549,20210510081913-207627296.447754,20200813140240-941978275.775909
98,20210510082118-256628930.568695,20210510081913-207627296.447754,20200813140240-34356594.0856934
99,20210510082133-322717666.625977,20210510081913-207627296.447754,20200813140240-887522280.216217
100,20210510082402-482428073.883057,20210510082402-44933855.5335999,20200813140240-34356594.0856934
101,20210510082620-542941153.049469,20210510082402-44933855.5335999,20200813140240-887522280.216217
102,20210510082653-347726404.666901,20210510082402-44933855.5335999,20200813140240-941978275.775909
103,20210510082903-406421303.749084,20210510082903-538246333.599091,20200813140240-887522280.216217
104,20210510083100-179089307.785034,20210510082903-538246333.599091,20200813140240-941978275.775909
105,20210510083128-227781593.799591,20210510082903-538246333.599091,20200813140240-837038218.975067
106,20210510083148-370515346.5271,20210510082903-538246333.599091,20200813140240-34356594.0856934
107,20210510083159-150311291.217804,20210510082903-538246333.599091,20200813140240-941978275.775909
108,20210510083407-684062302.112579,20210510083407-190633416.175842,20200813140240-887522280.216217
109,20210510084011-65851032.7339172,20210510083407-190633416.175842,20200813140240-34356594.0856934
110,20210510084107-119544029.23584,20210510083407-190633416.175842,20200813140240-871533870.697021
111,20210510084124-714816331.863403,20210510083407-190633416.175842,20200813140240-941978275.775909
112,20210510084216-746006906.032562,20210510083407-190633416.175842,20200813140240-641774833.202362
113,20210510084230-713027954.101563,20210510083407-190633416.175842,20200813140240-837038218.975067
114,20210510084246-275295495.986938,20210510083407-190633416.175842,20200813140240-61015367.5079346
115,20210510084558-356586277.484894,20210510084558-277168393.135071,20200813140240-887522280.216217
116,20210510084838-217799842.357635,20210510084558-277168393.135071,20200813140240-941978275.775909
117,20210510084908-909204125.404358,20210510084558-277168393.135071,20200813140240-871533870.697021
118,20210510084939-756092607.975006,20210510084558-277168393.135071,20200813140240-61015367.5079346
119,20210510085230-757029533.38623,20210510085229-518015921.115875,20200813140240-61015367.5079346
120,20210510085321-674826085.567474,20210510085229-518015921.115875,20200813140240-887522280.216217
121,20210510085400-401604592.80014,20210510085229-518015921.115875,20200813140240-941978275.775909
122,20210510085503-610432803.630829,20210510085229-518015921.115875,20200813140240-34356594.0856934
123,20210510085732-330300807.952881,20210510085732-517192423.343658,20200813140240-887522280.216217
124,20210510085917-404864609.241486,20210510085732-517192423.343658,20200813140240-837038218.975067
125,20210510085934-410631656.646729,20210510085732-517192423.343658,20200813140240-941978275.775909
126,20210510085959-939971148.967743,20210510085732-517192423.343658,20200813140240-871533870.697021
127,20210510090023-598856389.522552,20210510085732-517192423.343658,20200813140240-641774833.202362
128,20210510090044-860162436.962128,20210510085732-517192423.343658,20200813140240-749775350.093842
129,20210510090055-759979009.628296,20210510085732-517192423.343658,20200813140240-34356594.0856934
130,20210510090223-581176400.184631,20210510090223-270359218.120575,20200813140240-941978275.775909
131,20210510090434-769506812.095642,20210510090223-270359218.120575,20200813140240-887522280.216217
132,20210510090516-99409937.8585815,20210510090223-270359218.120575,20200813140240-837038218.975067
133,20210510090609-504459083.080292,20210510090223-270359218.120575,20200813140240-34356594.0856934
134,20210510090758-425849318.504333,20210510090757-4019677.63900757,20200813140240-34356594.0856934
135,20210510091026-176886856.555939,20210510090757-4019677.63900757,20200813140240-887522280.216217
136,20210510091057-979530990.123749,20210510090757-4019677.63900757,20200813140240-61015367.5079346
137,20210510091113-145000398.159027,20210510090757-4019677.63900757,20200813140240-837038218.975067
138,20210510091132-332691490.650177,20210510090757-4019677.63900757,20200813140240-941978275.775909
139,20210510092803-409323275.089264,20210510092803-839586138.725281,20200813140240-34356594.0856934
140,20210510092938-694607496.261597,20210510092803-839586138.725281,20200813140240-887522280.216217
141,20210510092959-559022188.186646,20210510092803-839586138.725281,20200813140240-837038218.975067
142,20210510093251-409597158.432007,20210510093251-841427624.225616,20200813140240-837038218.975067
143,20210510093339-950330734.25293,20210510093251-841427624.225616,20200813140240-887522280.216217
144,20210510093420-456470370.292664,20210510093251-841427624.225616,20200813140240-941978275.775909
145,20210513134425-760723590.85083,20210513134425-14017641.544342,20200813140240-34356594.0856934
146,20210513134837-862619340.419769,20210513134425-14017641.544342,20200813140240-777261734.008789
147,20210513135031-56236863.1362915,20210513134425-14017641.544342,20200813140240-61015367.5079346
148,20210513135511-829801619.052887,20210513134425-14017641.544342,20200813140240-941978275.775909
149,20210514083000-814490020.275116,20210514082959-760723590.85083,20200813140240-941978275.775909
150,20210514083257-871445834.636688,20210514082959-760723590.85083,20200813140240-887522280.216217
151,20210514083307-53504526.6151428,20210514082959-760723590.85083,20200813140240-61015367.5079346
152,20210514083609-279342055.32074,20210514082959-760723590.85083,20200813140240-989627242.088318
153,20210514083617-589163005.35202,20210514082959-760723590.85083,20200813140240-777261734.008789
154,20210514083734-100052237.510681,20210514083734-575183808.803558,20200813140240-941978275.775909
155,20210514083826-948571085.929871,20210514083734-575183808.803558,20200813140240-430560648.441315
156,20210514083839-160441517.829895,20210514083734-575183808.803558,20200813140240-61015367.5079346
157,20210514083853-326206207.275391,20210514083734-575183808.803558,20200813140240-989627242.088318
158,20210514084013-583359003.067017,20210514083734-575183808.803558,20200813140240-777261734.008789
159,20210514084653-579518616.199493,20210514084427-97973823.5473633,20200813140240-61015367.5079346
160,20210514084907-414032697.677612,20210514084427-97973823.5473633,20200813140240-887522280.216217
161,20210514084916-373536169.528961,20210514084427-97973823.5473633,20200813140240-430560648.441315
162,20210514084931-56236863.1362915,20210514084427-97973823.5473633,20200813140240-941978275.775909
163,20210514085110-468700110.912323,20210514084427-97973823.5473633,20200813140240-34356594.0856934
164,20210514085329-226866006.851196,20210514085329-910964310.16922,20200813140240-941978275.775909
165,20210514085436-798884391.784668,20210514085329-910964310.16922,20200813140240-34356594.0856934
166,20210514085447-382010698.318481,20210514085329-910964310.16922,20200813140240-61015367.5079346
167,20210514085500-160441517.829895,20210514085329-910964310.16922,20200813140240-777261734.008789
168,20210514085602-583359003.067017,20210514085602-186013519.763947,20200813140240-61015367.5079346
169,20210514085720-289665043.354034,20210514085602-186013519.763947,20200813140240-989627242.088318
170,20210514085730-627642035.484314,20210514085602-186013519.763947,20200813140240-941978275.775909
171,20210514085740-694485306.739807,20210514085602-186013519.763947,20200813140240-430560648.441315
172,20210514085750-22629201.4122009,20210514085602-186013519.763947,20200813140240-777261734.008789
173,20210514085807-502453923.225403,20210514085602-186013519.763947,20200813140240-887522280.216217
174,20210514085957-364995419.979095,20210514085957-390291452.407837,20200813140240-61015367.5079346
175,20210514090324-938545167.446136,20210514085957-390291452.407837,20200813140240-941978275.775909
176,20210514090344-596094548.70224,20210514085957-390291452.407837,20200813140240-430560648.441315
177,20210514090353-210368633.270264,20210514085957-390291452.407837,20200813140240-989627242.088318
178,20210514090457-191922485.8284,20210514090457-81893563.2705688,20200813140240-61015367.5079346
179,20210514090606-89641392.2309875,20210514090457-81893563.2705688,20200813140240-989627242.088318
180,20210514090617-492165625.095367,20210514090457-81893563.2705688,20200813140240-941978275.775909
181,20210514090729-790128886.699677,20210514090728-322717666.625977,20200813140240-34356594.0856934
182,20210514090820-44933855.5335999,20210514090728-322717666.625977,20200813140240-777261734.008789
183,20210514090830-588628590.106964,20210514090728-322717666.625977,20200813140240-837038218.975067
184,20210514090940-620209574.699402,20210514090940-923445165.157318,20200813140240-941978275.775909
185,20210514091016-993731319.904327,20210514090940-923445165.157318,20200813140240-887522280.216217
186,20210514091025-547668516.635895,20210514090940-923445165.157318,20200813140240-34356594.0856934
187,20210514091137-412967801.094055,20210514091137-495211303.2341,20200813140240-941978275.775909
188,20210514091407-509068131.446838,20210514091137-495211303.2341,20200813140240-837038218.975067
189,20210514091424-886600077.152252,20210514091137-495211303.2341,20200813140240-887522280.216217
190,20210514091626-747415781.021118,20210514091625-684062302.112579,20200813140240-34356594.0856934
191,20210514091705-807779788.970947,20210514091625-684062302.112579,20200813140240-941978275.775909
192,20210514091717-793197572.231293,20210514091625-684062302.112579,20200813140240-777261734.008789
193,20210514091815-746354758.739471,20210514091815-468005657.196045,20200813140240-61015367.5079346
194,20210514091904-746006906.032562,20210514091815-468005657.196045,20200813140240-941978275.775909
195,20210514091918-275295495.986938,20210514091815-468005657.196045,20200813140240-777261734.008789
196,20210514091928-696100771.427155,20210514091815-468005657.196045,20200813140240-887522280.216217
197,20210514091937-277168393.135071,20210514091815-468005657.196045,20200813140240-989627242.088318
198,20210514092902-372814297.676086,20210514092902-896616637.706757,20200813140240-777261734.008789
199,20210514092955-878384590.148926,20210514092902-896616637.706757,20200813140240-61015367.5079346
200,20210514093007-931559443.473816,20210514092902-896616637.706757,20200813140240-941978275.775909
201,20210514093022-868453681.468964,20210514092902-896616637.706757,20200813140240-887522280.216217
202,20210514093343-741780698.299408,20210514093343-811571359.634399,20200813140240-777261734.008789
203,20210514093446-798773527.145386,20210514093343-811571359.634399,20200813140240-941978275.775909
204,20210514093459-243147850.036621,20210514093343-811571359.634399,20200813140240-61015367.5079346
205,20210514093513-598856389.522552,20210514093343-811571359.634399,20200813140240-887522280.216217
206,20210514093658-581176400.184631,20210514093658-270359218.120575,20200813140240-61015367.5079346
207,20210514093751-949905514.717102,20210514093658-270359218.120575,20200813140240-777261734.008789
208,20210514093803-382569313.049316,20210514093658-270359218.120575,20200813140240-887522280.216217
209,20210514093815-99409937.8585815,20210514093658-270359218.120575,20200813140240-941978275.775909
210,20210514100042-821931481.361389,20210514100042-891279399.394989,20200813140240-777261734.008789
211,20210514100228-872118115.42511,20210514100042-891279399.394989,20200813140240-887522280.216217
212,20210514100243-257789969.444275,20210514100042-891279399.394989,20200813140240-61015367.5079346
213,20210514100257-555113255.977631,20210514100042-891279399.394989,20200813140240-941978275.775909
214,20210514100402-933052301.40686,20210514100402-962678253.650665,20200813140240-941978275.775909
215,20210514100504-174484074.115753,20210514100402-962678253.650665,20200813140240-777261734.008789
216,20210514100517-109738528.728485,20210514100402-962678253.650665,20200813140240-887522280.216217
217,20210514100529-807941019.535065,20210514100402-962678253.650665,20200813140240-61015367.5079346
218,20210514100650-283014774.32251,20210514100650-904373705.387115,20200813140240-777261734.008789
219,20210514100743-984046041.965485,20210514100650-904373705.387115,20200813140240-887522280.216217
220,20210514100753-268043816.08963,20210514100650-904373705.387115,20200813140240-941978275.775909
221,20210514100805-93152582.6454163,20210514100650-904373705.387115,20200813140240-34356594.0856934
222,20210514100819-73371052.7420044,20210514100650-904373705.387115,20200813140240-61015367.5079346
223,20210514100912-548423886.299133,20210514100911-420111358.165741,20200813140240-941978275.775909
224,20210514101002-603043735.027313,20210514100911-420111358.165741,20200813140240-61015367.5079346
225,20210514101022-575873911.380768,20210514100911-420111358.165741,20200813140240-777261734.008789
226,20210514101032-59616863.7275696,20210514100911-420111358.165741,20200813140240-887522280.216217
227,20210514101128-602104067.802429,20210514101127-206498563.289642,20200813140240-941978275.775909
228,20210514101211-964709043.502808,20210514101127-206498563.289642,20200813140240-61015367.5079346
229,20210514101226-807886719.703674,20210514101127-206498563.289642,20200813140240-777261734.008789
230,20210514101233-564306676.387787,20210514101127-206498563.289642,20200813140240-887522280.216217
231,20210514101329-807689309.120178,20210514101329-651886165.142059,20200813140240-61015367.5079346
232,20210514101420-773646056.652069,20210514101329-651886165.142059,20200813140240-887522280.216217
233,20210514101430-219469428.062439,20210514101329-651886165.142059,20200813140240-941978275.775909
234,20210514101440-257504105.567932,20210514101329-651886165.142059,20200813140240-777261734.008789
235,20210514101448-664871633.052826,20210514101329-651886165.142059,20200813140240-34356594.0856934
236,20210514101553-204305648.803711,20210514101552-355577528.476715,20200813140240-61015367.5079346
237,20210514101638-424929141.998291,20210514101552-355577528.476715,20200813140240-941978275.775909
238,20210514101656-380592286.586761,20210514101552-355577528.476715,20200813140240-777261734.008789
239,20210514101705-673949241.638184,20210514101552-355577528.476715,20200813140240-887522280.216217
240,20210514101935-436583340.167999,20210514101935-747573018.074036,20200813140240-34356594.0856934
241,20210514102019-278057157.993317,20210514101935-747573018.074036,20200813140240-61015367.5079346
242,20210514102040-306629419.326782,20210514101935-747573018.074036,20200813140240-941978275.775909
243,20210514102052-795397341.251373,20210514101935-747573018.074036,20200813140240-887522280.216217
244,20210514102059-72723507.8811646,20210514101935-747573018.074036,20200813140240-777261734.008789
245,20210514102616-43198525.9056091,20210514102616-886066198.348999,20200813140240-777261734.008789
246,20210514102704-828341901.302338,20210514102616-886066198.348999,20200813140240-887522280.216217
247,20210514102713-249270141.124725,20210514102616-886066198.348999,20200813140240-61015367.5079346
248,20210514102725-257985115.05127,20210514102616-886066198.348999,20200813140240-941978275.775909
249,20210514102826-589929640.293121,20210514102826-686122298.240662,20200813140240-777261734.008789
250,20210514102923-287628710.269928,20210514102826-686122298.240662,20200813140240-887522280.216217
251,20210514103010-981146812.438965,20210514102826-686122298.240662,20200813140240-61015367.5079346
252,20210514103023-606938242.912292,20210514102826-686122298.240662,20200813140240-941978275.775909
253,20210514103035-394446194.171906,20210514102826-686122298.240662,20200813140240-816770374.774933
254,20210520090901-14017641.544342,20210520090901-774740099.906921,20200813140240-837038218.975067
255,20210520090949-414032697.677612,20210520090901-774740099.906921,20200813140240-941978275.775909
256,20210520091003-871445834.636688,20210520090901-774740099.906921,20200813140240-34356594.0856934
257,20210520091035-767111659.049988,20210520090901-774740099.906921,20200813140240-887522280.216217
258,20210520091200-910964310.16922,20210520091159-986093163.490295,20200813140240-34356594.0856934
259,20210520091310-243931353.092194,20210520091159-986093163.490295,20200813140240-641774833.202362
260,20210520091321-676175892.353058,20210520091159-986093163.490295,20200813140240-837038218.975067
261,20210520091328-100052237.510681,20210520091159-986093163.490295,20200813140240-941978275.775909
262,20210520091349-382010698.318481,20210520091159-986093163.490295,20200813140240-887522280.216217
263,20210520091358-401374340.057373,20210520091159-986093163.490295,20200813140240-61015367.5079346
264,20210520091506-633178889.751434,20210520091506-326206207.275391,20200813140240-941978275.775909
265,20210520091822-378902554.512024,20210520091506-326206207.275391,20200813140240-887522280.216217
266,20210520091835-428456366.062164,20210520091506-326206207.275391,20200813140240-837038218.975067
267,20210520092047-22629201.4122009,20210520091506-326206207.275391,20200813140240-641774833.202362
268,20210520093926-871445834.636688,20210520093925-961953163.146973,20200813140240-777261734.008789
269,20210520094022-298165440.559387,20210520093925-961953163.146973,20200813140240-941978275.775909
270,20210520094033-829801619.052887,20210520093925-961953163.146973,20200813140240-887522280.216217
271,20210520094042-986093163.490295,20210520093925-961953163.146973,20200813140240-61015367.5079346
272,20210520094454-999414563.179016,20210520094454-106369674.20578,20200813140240-61015367.5079346
273,20210520094555-45649170.8755493,20210520094454-106369674.20578,20200813140240-777261734.008789
274,20210520094609-278279960.155487,20210520094454-106369674.20578,20200813140240-941978275.775909
275,20210520094617-410073220.729828,20210520094454-106369674.20578,20200813140240-887522280.216217
276,20210520094823-583359003.067017,20210520094823-186013519.763947,20200813140240-61015367.5079346
277,20210520095002-378902554.512024,20210520094823-186013519.763947,20200813140240-777261734.008789
278,20210520095018-694485306.739807,20210520094823-186013519.763947,20200813140240-887522280.216217
279,20210520095027-22629201.4122009,20210520094823-186013519.763947,20200813140240-941978275.775909
280,20210520095141-353472650.051117,20210520095141-462980031.967163,20200813140240-777261734.008789
281,20210520095549-364995419.979095,20210520095141-462980031.967163,20200813140240-61015367.5079346
282,20210520095559-257267653.942108,20210520095141-462980031.967163,20200813140240-941978275.775909
283,20210520095649-783995270.729065,20210520095649-107375323.77243,20200813140240-61015367.5079346
284,20210520100118-73953330.5168152,20210520095649-107375323.77243,20200813140240-777261734.008789
285,20210520100154-657054960.727692,20210520095649-107375323.77243,20200813140240-941978275.775909
286,20210520100211-191922485.8284,20210520095649-107375323.77243,20200813140240-887522280.216217
287,20210520100327-530212521.55304,20210520100326-928785979.747772,20200813140240-61015367.5079346
288,20210520100505-169873476.028442,20210520100326-928785979.747772,20200813140240-777261734.008789
289,20210520100515-872546851.634979,20210520100326-928785979.747772,20200813140240-887522280.216217
290,20210520100602-322717666.625977,20210520100602-30950605.8692932,20200813140240-61015367.5079346
291,20210520100648-864534497.261047,20210520100602-30950605.8692932,20200813140240-941978275.775909
292,20210520100659-542941153.049469,20210520100602-30950605.8692932,20200813140240-777261734.008789
293,20210520100712-620209574.699402,20210520100602-30950605.8692932,20200813140240-887522280.216217
294,20210520100820-28885781.7649841,20210520100820-130420446.395874,20200813140240-777261734.008789
295,20210520100939-721895098.686218,20210520100820-130420446.395874,20200813140240-61015367.5079346
296,20210520100951-422918260.097504,20210520100820-130420446.395874,20200813140240-941978275.775909
297,20210520101403-680819392.204285,20210520101403-489830434.322357,20200813140240-941978275.775909
298,20210520101446-584529280.662537,20210520101403-489830434.322357,20200813140240-777261734.008789
299,20210520101459-747415781.021118,20210520101403-489830434.322357,20200813140240-61015367.5079346
300,20210520101528-119544029.23584,20210520101403-489830434.322357,20200813140240-887522280.216217
301,20210520101602-468005657.196045,20210520101602-216733515.262604,20200813140240-61015367.5079346
302,20210520101707-696100771.427155,20210520101602-216733515.262604,20200813140240-941978275.775909
303,20210520101723-356586277.484894,20210520101602-216733515.262604,20200813140240-777261734.008789
304,20210520101736-347832679.748535,20210520101602-216733515.262604,20200813140240-842469632.62558
305,20210520101744-77684700.4890442,20210520101602-216733515.262604,20200813140240-887522280.216217
306,20210520101856-281503438.949585,20210520101856-395844280.719757,20200813140240-941978275.775909
307,20210520101933-557501018.047333,20210520101856-395844280.719757,20200813140240-777261734.008789
308,20210520101941-692994534.96933,20210520101856-395844280.719757,20200813140240-61015367.5079346
309,20210520131720-301948010.921478,20210520131528-814490020.275116,20200813140240-941978275.775909
310,20210520131808-414032697.677612,20210520131528-814490020.275116,20200813140240-641774833.202362
311,20210520131817-961953163.146973,20210520131528-814490020.275116,20200813140240-777261734.008789
312,20210520131827-524868428.707123,20210520131528-814490020.275116,20200813140240-871533870.697021
313,20210520131837-468700110.912323,20210520131528-814490020.275116,20200813140240-61015367.5079346
314,20210520131849-279342055.32074,20210520131528-814490020.275116,20200813140240-887522280.216217
315,20210520131857-589163005.35202,20210520131528-814490020.275116,20200813140240-34356594.0856934
316,20210520132003-533873081.207275,20210520132003-243931353.092194,20200813140240-887522280.216217
317,20210520132045-100052237.510681,20210520132003-243931353.092194,20200813140240-777261734.008789
318,20210520132054-295772850.513458,20210520132003-243931353.092194,20200813140240-641774833.202362
319,20210520132103-948571085.929871,20210520132003-243931353.092194,20200813140240-941978275.775909
320,20210520132113-160441517.829895,20210520132003-243931353.092194,20200813140240-61015367.5079346
321,20210520132121-412766814.231873,20210520132003-243931353.092194,20200813140240-34356594.0856934
322,20210520132228-80714643.0015564,20210520132228-583359003.067017,20200813140240-61015367.5079346
323,20210520132314-289665043.354034,20210520132228-583359003.067017,20200813140240-777261734.008789
324,20210520132323-428456366.062164,20210520132228-583359003.067017,20200813140240-887522280.216217
325,20210520132333-913717567.920685,20210520132228-583359003.067017,20200813140240-941978275.775909
326,20210520133307-210368633.270264,20210520133307-18758356.5711975,20200813140240-941978275.775909
327,20210520133356-536794066.429138,20210520133307-18758356.5711975,20200813140240-34356594.0856934
328,20210520133405-827411830.425262,20210520133307-18758356.5711975,20200813140240-887522280.216217
329,20210520133415-357023119.926453,20210520133307-18758356.5711975,20200813140240-641774833.202362
330,20210520133423-928785979.747772,20210520133307-18758356.5711975,20200813140240-777261734.008789
331,20210520133432-401842057.704926,20210520133307-18758356.5711975,20200813140240-61015367.5079346
332,20210520133527-927616536.617279,20210520133527-169873476.028442,20200813140240-887522280.216217
333,20210520133625-750687718.391418,20210520133527-169873476.028442,20200813140240-228228032.588959
334,20210520133634-256628930.568695,20210520133527-169873476.028442,20200813140240-777261734.008789
335,20210520133644-322717666.625977,20210520133527-169873476.028442,20200813140240-941978275.775909
336,20210520133712-44933855.5335999,20210520133527-169873476.028442,20200813140240-641774833.202362
337,20210520133730-588628590.106964,20210520133527-169873476.028442,20200813140240-34356594.0856934
338,20210520133917-410036683.082581,20210520133916-634371936.321259,20200813140240-887522280.216217
339,20210520134017-149245738.983154,20210520133916-634371936.321259,20200813140240-941978275.775909
340,20210520134706-28885781.7649841,20210520133916-634371936.321259,20200813140240-777261734.008789
341,20210520134717-538246333.599091,20210520133916-634371936.321259,20200813140240-228228032.588959
342,20210520134727-826225519.180298,20210520133916-634371936.321259,20200813140240-641774833.202362
343,20210520134912-695281803.607941,20210520134912-412967801.094055,20200813140240-61015367.5079346
344,20210520135003-540913581.848145,20210520134912-412967801.094055,20200813140240-777261734.008789
345,20210520135011-619187593.460083,20210520134912-412967801.094055,20200813140240-837038218.975067
346,20210520135022-886600077.152252,20210520134912-412967801.094055,20200813140240-887522280.216217
347,20210520135029-150311291.217804,20210520134912-412967801.094055,20200813140240-941978275.775909
348,20210520135111-684062302.112579,20210520135111-190633416.175842,20200813140240-887522280.216217
349,20210520135150-807779788.970947,20210520135111-190633416.175842,20200813140240-941978275.775909
350,20210520135158-61522245.4071045,20210520135111-190633416.175842,20200813140240-61015367.5079346
351,20210520135204-463584005.832672,20210520135111-190633416.175842,20200813140240-641774833.202362
352,20210520135212-173773407.936096,20210520135111-190633416.175842,20200813140240-34356594.0856934
353,20210520142947-281503438.949585,20210520142947-395844280.719757,20200813140240-777261734.008789
354,20210520143038-909204125.404358,20210520142947-395844280.719757,20200813140240-61015367.5079346
355,20210520143044-692994534.96933,20210520142947-395844280.719757,20200813140240-887522280.216217
356,20210520143204-326143980.026245,20210520143204-223737537.86087,20200813140240-777261734.008789
357,20210520143248-325205445.289612,20210520143204-223737537.86087,20200813140240-887522280.216217
358,20210520143305-875779688.358307,20210520143204-223737537.86087,20200813140240-61015367.5079346
359,20210520145311-167762815.952301,20210520145311-16297698.0209351,20200813140240-941978275.775909
360,20210520150519-849099993.70575,20210520145311-16297698.0209351,20200813140240-777261734.008789
361,20210520150528-323554813.861847,20210520145311-16297698.0209351,20200813140240-887522280.216217
362,20210520150537-236027777.194977,20210520145311-16297698.0209351,20200813140240-61015367.5079346
363,20210520150544-374432206.15387,20210520145311-16297698.0209351,20200813140240-989627242.088318
364,20210520150638-868453681.468964,20210520150638-330300807.952881,20200813140240-61015367.5079346
365,20210520150733-742342054.843903,20210520150638-330300807.952881,20200813140240-777261734.008789
366,20210520150744-811571359.634399,20210520150638-330300807.952881,20200813140240-941978275.775909
367,20210520150750-77980577.9457092,20210520150638-330300807.952881,20200813140240-887522280.216217
368,20210520150839-592991232.872009,20210520150838-151756227.016449,20200813140240-887522280.216217
369,20210520150922-984253227.710724,20210520150838-151756227.016449,20200813140240-777261734.008789
370,20210520150933-860162436.962128,20210520150838-151756227.016449,20200813140240-61015367.5079346
371,20210520150955-378606200.218201,20210520150838-151756227.016449,20200813140240-941978275.775909
372,20210520151038-111432909.965515,20210520151037-895446240.901947,20200813140240-61015367.5079346
373,20210520151118-441216230.392456,20210520151037-895446240.901947,20200813140240-887522280.216217
374,20210520151128-382569313.049316,20210520151037-895446240.901947,20200813140240-941978275.775909
375,20210520151137-152676820.755005,20210520151037-895446240.901947,20200813140240-777261734.008789
376,20210520151415-760723590.85083,20210520151415-14017641.544342,20200813140240-61015367.5079346
377,20210520151546-373536169.528961,20210520151415-14017641.544342,20200813140240-941978275.775909
378,20210520151554-364018678.665161,20210520151415-14017641.544342,20200813140240-777261734.008789
379,20210520151601-592458248.138428,20210520151415-14017641.544342,20200813140240-887522280.216217
380,20210520152605-829801619.052887,20210520152605-279342055.32074,20200813140240-777261734.008789
381,20210520152656-695115506.649017,20210520152605-279342055.32074,20200813140240-887522280.216217
382,20210520152703-533873081.207275,20210520152605-279342055.32074,20200813140240-61015367.5079346
383,20210520152744-284480273.723602,20210520152744-798884391.784668,20200813140240-777261734.008789
384,20210520152833-979829370.975494,20210520152744-798884391.784668,20200813140240-941978275.775909
385,20210520152842-646587133.407593,20210520152744-798884391.784668,20200813140240-61015367.5079346
386,20210520152851-207561135.292053,20210520152744-798884391.784668,20200813140240-887522280.216217
387,20210520153424-378902554.512024,20210520153424-785212218.761444,20200813140240-777261734.008789
388,20210520154119-561040103.435516,20210520153424-785212218.761444,20200813140240-61015367.5079346
389,20210520154128-543360590.934753,20210520153424-785212218.761444,20200813140240-887522280.216217
390,20210520154158-502453923.225403,20210520153424-785212218.761444,20200813140240-941978275.775909
391,20210520154616-753688097.000122,20210520154615-459640800.952911,20200813140240-61015367.5079346
392,20210520154703-105452656.745911,20210520154615-459640800.952911,20200813140240-777261734.008789
393,20210520154713-544013977.050781,20210520154615-459640800.952911,20200813140240-887522280.216217
394,20210520154722-678913354.873657,20210520154615-459640800.952911,20200813140240-941978275.775909
395,20210520154857-461874365.80658,20210520154857-401842057.704926,20200813140240-777261734.008789
396,20210520155000-272946834.564209,20210520154857-401842057.704926,20200813140240-887522280.216217
397,20210520155007-272942364.215851,20210520154857-401842057.704926,20200813140240-61015367.5079346
398,20210520155014-30950605.8692932,20210520154857-401842057.704926,20200813140240-941978275.775909
399,20210520155324-44933855.5335999,20210520155324-340606570.243835,20200813140240-777261734.008789
400,20210520155408-542941153.049469,20210520155324-340606570.243835,20200813140240-941978275.775909
401,20210520155424-923445165.157318,20210520155324-340606570.243835,20200813140240-887522280.216217
402,20210520155435-219409108.161926,20210520155324-340606570.243835,20200813140240-61015367.5079346
403,20210520155604-847245514.392853,20210520155604-406421303.749084,20200813140240-777261734.008789
404,20210520155654-695281803.607941,20210520155604-406421303.749084,20200813140240-61015367.5079346
405,20210520155703-814663946.628571,20210520155604-406421303.749084,20200813140240-941978275.775909
406,20210520155710-509068131.446838,20210520155604-406421303.749084,20200813140240-887522280.216217
407,20210520155810-302497565.746307,20210520155809-370515346.5271,20200813140240-777261734.008789
408,20210520155855-875974655.151367,20210520155809-370515346.5271,20200813140240-941978275.775909
409,20210520155908-747415781.021118,20210520155809-370515346.5271,20200813140240-887522280.216217
410,20210520155916-807779788.970947,20210520155809-370515346.5271,20200813140240-61015367.5079346
411,20210520155957-173773407.936096,20210520155956-115470111.370087,20200813140240-941978275.775909
412,20210520160045-216733515.262604,20210520155956-115470111.370087,20200813140240-777261734.008789
413,20210520160059-746006906.032562,20210520155956-115470111.370087,20200813140240-61015367.5079346
414,20210520160105-15682399.2729187,20210520155956-115470111.370087,20200813140240-887522280.216217
415,20210520160446-417599201.202393,20210520160446-696100771.427155,20200813140240-777261734.008789
416,20210520160534-645951330.661774,20210520160446-696100771.427155,20200813140240-941978275.775909
417,20210520160541-77684700.4890442,20210520160446-696100771.427155,20200813140240-887522280.216217
418,20210520160631-378991246.22345,20210520160631-217799842.357635,20200813140240-941978275.775909
419,20210520160812-517255842.685699,20210520160631-217799842.357635,20200813140240-777261734.008789
420,20210520160823-64491152.7633667,20210520160631-217799842.357635,20200813140240-61015367.5079346
421,20210520160830-155435681.343079,20210520160631-217799842.357635,20200813140240-887522280.216217
422,20210520161007-518015921.115875,20210520161007-50262808.7997437,20200813140240-941978275.775909
423,20210520161059-972729027.271271,20210520161007-50262808.7997437,20200813140240-777261734.008789
424,20210520161110-123082816.6008,20210520161007-50262808.7997437,20200813140240-61015367.5079346
425,20210520161508-164234161.376953,20210520161508-167762815.952301,20200813140240-777261734.008789
426,20210520161554-497969210.147858,20210520161508-167762815.952301,20200813140240-887522280.216217
427,20210520161600-372814297.676086,20210520161508-167762815.952301,20200813140240-61015367.5079346
428,20210520161641-610432803.630829,20210520161641-878384590.148926,20200813140240-777261734.008789
429,20210520161739-868453681.468964,20210520161641-878384590.148926,20200813140240-941978275.775909
430,20210520161748-2505660.05706787,20210520161641-878384590.148926,20200813140240-61015367.5079346
431,20210520161756-702970147.132874,20210520161641-878384590.148926,20200813140240-777261734.008789
432,20210520161904-339375197.887421,20210520161904-410631656.646729,20200813140240-777261734.008789
433,20210520161946-939971148.967743,20210520161904-410631656.646729,20200813140240-61015367.5079346
434,20210520162020-759979009.628296,20210520161904-410631656.646729,20200813140240-887522280.216217
435,20210520162030-270359218.120575,20210520161904-410631656.646729,20200813140240-941978275.775909
436,20210520162123-231596648.693085,20210520162123-900333881.378174,20200813140240-777261734.008789
437,20210520162207-195534884.929657,20210520162123-900333881.378174,20200813140240-61015367.5079346
438,20210520162216-99409937.8585815,20210520162123-900333881.378174,20200813140240-887522280.216217
439,20210520162222-504459083.080292,20210520162123-900333881.378174,20200813140240-941978275.775909
440,20210521085429-961953163.146973,20210521085429-373536169.528961,20200813140240-777261734.008789
441,20210521085518-524868428.707123,20210521085429-373536169.528961,20200813140240-61015367.5079346
442,20210521085527-298165440.559387,20210521085429-373536169.528961,20200813140240-941978275.775909
443,20210521085652-589163005.35202,20210521085652-824602127.075195,20200813140240-61015367.5079346
444,20210521085733-980003237.724304,20210521085652-824602127.075195,20200813140240-777261734.008789
445,20210521085746-575183808.803558,20210521085652-824602127.075195,20200813140240-887522280.216217
446,20210521085754-284480273.723602,20210521085652-824602127.075195,20200813140240-941978275.775909
447,20210521090037-401374340.057373,20210521090037-979829370.975494,20200813140240-61015367.5079346
448,20210521090142-410073220.729828,20210521090037-979829370.975494,20200813140240-941978275.775909
449,20210521090150-326206207.275391,20210521090037-979829370.975494,20200813140240-777261734.008789
450,20210521090201-457971453.666687,20210521090037-979829370.975494,20200813140240-887522280.216217
451,20210521090304-631742417.812347,20210521090304-919377088.546753,20200813140240-777261734.008789
452,20210521090357-22629201.4122009,20210521090304-919377088.546753,20200813140240-61015367.5079346
453,20210521090404-677947700.023651,20210521090304-919377088.546753,20200813140240-941978275.775909
454,20210521090411-462980031.967163,20210521090304-919377088.546753,20200813140240-887522280.216217
455,20210521090815-60916244.9836731,20210521090815-979077935.218811,20200813140240-777261734.008789
456,20210521090927-542070209.980011,20210521090815-979077935.218811,20200813140240-61015367.5079346
457,20210521090937-506087362.766266,20210521090815-979077935.218811,20200813140240-941978275.775909
458,20210521090948-753688097.000122,20210521090815-979077935.218811,20200813140240-777261734.008789
459,20210521090956-18758356.5711975,20210521090815-979077935.218811,20200813140240-887522280.216217
460,20210521092321-544013977.050781,20210521092321-657054960.727692,20200813140240-777261734.008789
461,20210521092520-357023119.926453,20210521092321-657054960.727692,20200813140240-61015367.5079346
462,20210521092527-928785979.747772,20210521092321-657054960.727692,20200813140240-941978275.775909
463,20210521092543-401842057.704926,20210521092321-657054960.727692,20200813140240-887522280.216217
464,20210521092900-169873476.028442,20210521092859-589792549.610138,20200813140240-777261734.008789
465,20210521093158-673646688.461304,20210521092859-589792549.610138,20200813140240-61015367.5079346
466,20210521093235-322717666.625977,20210521092859-589792549.610138,20200813140240-887522280.216217
467,20210521093246-480474710.464478,20210521092859-589792549.610138,20200813140240-941978275.775909
468,20210521093344-754908323.287964,20210521093344-588628590.106964,20200813140240-777261734.008789
469,20210521093516-960422813.892365,20210521093344-588628590.106964,20200813140240-887522280.216217
470,20210521093523-620209574.699402,20210521093344-588628590.106964,20200813140240-61015367.5079346
471,20210521093533-993731319.904327,20210521093344-588628590.106964,20200813140240-941978275.775909
472,20210521093636-847245514.392853,20210521093636-406421303.749084,20200813140240-941978275.775909
473,20210521093719-339806079.864502,20210521093636-406421303.749084,20200813140240-61015367.5079346
474,20210521093728-543177008.628845,20210521093636-406421303.749084,20200813140240-777261734.008789
475,20210521093740-227781593.799591,20210521093636-406421303.749084,20200813140240-887522280.216217
476,20210521094329-292866826.057434,20210521094328-302497565.746307,20200813140240-777261734.008789
477,20210521094414-478014171.123505,20210521094328-302497565.746307,20200813140240-61015367.5079346
478,20210521094426-782138705.253601,20210521094328-302497565.746307,20200813140240-941978275.775909
479,20210521094522-793197572.231293,20210521094522-61522245.4071045,20200813140240-777261734.008789
480,20210521094630-48118889.3318176,20210521094522-61522245.4071045,20200813140240-61015367.5079346
481,20210521094640-468005657.196045,20210521094522-61522245.4071045,20200813140240-887522280.216217
482,20210521095633-494376718.997955,20210521095633-542029261.58905,20200813140240-777261734.008789
483,20210521100218-281503438.949585,20210521095633-542029261.58905,20200813140240-941978275.775909
484,20210521100318-441114664.077759,20210521100318-657256424.427032,20200813140240-941978275.775909
485,20210521100409-497070968.151093,20210521100318-657256424.427032,20200813140240-777261734.008789
486,20210521100419-784488618.373871,20210521100318-657256424.427032,20200813140240-887522280.216217
487,20210521100427-757029533.38623,20210521100318-657256424.427032,20200813140240-61015367.5079346
488,20210521100527-416648387.908936,20210521100526-875779688.358307,20200813140240-61015367.5079346
489,20210521100609-167762815.952301,20210521100526-875779688.358307,20200813140240-887522280.216217
490,20210521100618-406062722.206116,20210521100526-875779688.358307,20200813140240-777261734.008789
491,20210521100625-849099993.70575,20210521100526-875779688.358307,20200813140240-941978275.775909
492,20210521100749-218000352.38266,20210521100749-770832777.023315,20200813140240-61015367.5079346
493,20210521100918-585937917.232513,20210521100749-770832777.023315,20200813140240-941978275.775909
494,20210521100924-868453681.468964,20210521100749-770832777.023315,20200813140240-887522280.216217
495,20210521101016-840887069.702148,20210521101016-742342054.843903,20200813140240-61015367.5079346
496,20210521101232-410631656.646729,20210521101016-742342054.843903,20200813140240-941978275.775909
497,20210521101249-592991232.872009,20210521101016-742342054.843903,20200813140240-777261734.008789
498,20210521101259-114332795.143127,20210521101016-742342054.843903,20200813140240-887522280.216217
499,20210521101341-860162436.962128,20210521101340-245173931.121826,20200813140240-941978275.775909
500,20210521101427-526573181.152344,20210521101340-245173931.121826,20200813140240-61015367.5079346
501,20210521101443-900333881.378174,20210521101340-245173931.121826,20200813140240-777261734.008789
502,20210521101530-382569313.049316,20210521101530-834893286.22818,20200813140240-777261734.008789
503,20210521101737-205047190.189362,20210521101530-834893286.22818,20200813140240-887522280.216217
504,20210521101746-991402447.223663,20210521101530-834893286.22818,20200813140240-941978275.775909
505,20210521101755-891279399.394989,20210521101530-834893286.22818,20200813140240-61015367.5079346
506,20210521102027-581502735.614777,20210521102027-872118115.42511,20200813140240-777261734.008789
507,20210521102115-783374011.516571,20210521102027-872118115.42511,20200813140240-61015367.5079346
508,20210521102132-203582286.834717,20210521102027-872118115.42511,20200813140240-887522280.216217
509,20210521102218-573013365.268707,20210521102218-425485014.915466,20200813140240-887522280.216217
510,20210521102309-962678253.650665,20210521102218-425485014.915466,20200813140240-61015367.5079346
511,20210521102318-989428222.179413,20210521102218-425485014.915466,20200813140240-777261734.008789
512,20210521102329-692547857.761383,20210521102218-425485014.915466,20200813140240-941978275.775909
513,20210521102405-375816047.19162,20210521102404-309617519.378662,20200813140240-777261734.008789
514,20210521102450-658763289.451599,20210521102404-309617519.378662,20200813140240-61015367.5079346
515,20210521102507-748532712.459564,20210521102404-309617519.378662,20200813140240-941978275.775909
516,20210521102557-294659018.516541,20210521102556-14221131.8016052,20200813140240-777261734.008789
517,20210521102637-793596684.932709,20210521102556-14221131.8016052,20200813140240-941978275.775909
518,20210521102652-73371052.7420044,20210521102556-14221131.8016052,20200813140240-887522280.216217
519,20210521102658-499257028.102875,20210521102556-14221131.8016052,20200813140240-61015367.5079346
520,20210521102704-984649658.203125,20210521102556-14221131.8016052,20200813140240-989627242.088318
521,20210521102748-18808901.309967,20210521102747-283559679.985046,20200813140240-777261734.008789
522,20210521102826-42947709.5603943,20210521102747-283559679.985046,20200813140240-941978275.775909
523,20210521102834-517693161.964417,20210521102747-283559679.985046,20200813140240-61015367.5079346
524,20210521102840-770071864.128113,20210521102747-283559679.985046,20200813140240-989627242.088318
525,20210521104016-35440087.3184204,20210521104016-791464030.742645,20200813140240-777261734.008789
526,20210521104137-14581799.5071411,20210521104016-791464030.742645,20200813140240-61015367.5079346
527,20210521104148-9418427.94418335,20210521104016-791464030.742645,20200813140240-941978275.775909
528,20210521104155-293299674.987793,20210521104016-791464030.742645,20200813140240-61015367.5079346
529,20210521104247-412355005.741119,20210521104247-314812541.007996,20200813140240-777261734.008789
530,20210521104412-763420164.585114,20210521104247-314812541.007996,20200813140240-941978275.775909
531,20210521104421-416878998.279572,20210521104247-314812541.007996,20200813140240-61015367.5079346
532,20210521104431-192306995.391846,20210521104247-314812541.007996,20200813140240-887522280.216217
533,20210521104522-236920356.750488,20210521104522-184224188.327789,20200813140240-777261734.008789
534,20210521104612-308465480.804443,20210521104522-184224188.327789,20200813140240-61015367.5079346
535,20210521104811-204305648.803711,20210521104810-355577528.476715,20200813140240-777261734.008789
536,20210521104857-838558077.812195,20210521104810-355577528.476715,20200813140240-61015367.5079346
537,20210521104915-380592286.586761,20210521104810-355577528.476715,20200813140240-941978275.775909
538,20210521105021-340388536.453247,20210521105021-899490654.468536,20200813140240-61015367.5079346
539,20210521105115-278057157.993317,20210521105021-899490654.468536,20200813140240-777261734.008789
540,20210521105129-318967700.004578,20210521105021-899490654.468536,20200813140240-941978275.775909
541,20210521105206-597795426.845551,20210521105206-452828168.869019,20200813140240-777261734.008789
542,20210521105302-190213680.267334,20210521105206-452828168.869019,20200813140240-887522280.216217
543,20210521105309-600487530.231476,20210521105206-452828168.869019,20200813140240-61015367.5079346
544,20210521105327-760492324.829102,20210521105206-452828168.869019,20200813140240-941978275.775909
545,20210521105335-509116470.813751,20210521105206-452828168.869019,20200813140240-34356594.0856934
546,20210521105438-582826733.589172,20210521105437-518669784.069061,20200813140240-777261734.008789
547,20210521105535-375399231.910706,20210521105437-518669784.069061,20200813140240-61015367.5079346
548,20210521105557-336043834.686279,20210521105437-518669784.069061,20200813140240-34356594.0856934
549,20210521105609-43932735.9199524,20210521105437-518669784.069061,20200813140240-941978275.775909
550,20210521105622-755260467.529297,20210521105437-518669784.069061,20200813140240-887522280.216217
551,20210521110555-462500154.972076,20210521110555-410402178.764343,20200813140240-61015367.5079346
552,20210521110746-711056768.894196,20210521110555-410402178.764343,20200813140240-777261734.008789
553,20210521110800-363467097.28241,20210521110555-410402178.764343,20200813140240-941978275.775909
554,20210521110814-212330937.385559,20210521110555-410402178.764343,20200813140240-887522280.216217
555,20210521110922-153209030.628204,20210521110922-44667840.0039673,20200813140240-777261734.008789
556,20210521111054-387536823.749542,20210521110922-44667840.0039673,20200813140240-61015367.5079346
557,20210521111105-311911761.760712,20210521110922-44667840.0039673,20200813140240-887522280.216217
558,20210521111117-606938242.912292,20210521110922-44667840.0039673,20200813140240-941978275.775909
559,20210521111132-394446194.171906,20210521110922-44667840.0039673,20200813140240-34356594.0856934
560,20210521111220-835960030.555725,20210521111219-432827174.663544,20200813140240-61015367.5079346
561,20210521111321-965725421.905518,20210521111219-432827174.663544,20200813140240-777261734.008789
562,20210521111344-505815804.004669,20210521111219-432827174.663544,20200813140240-887522280.216217
563,20210521111351-451239466.667175,20210521111219-432827174.663544,20200813140240-941978275.775909
564,20210521111432-981264114.379883,20210521111432-314039289.951324,20200813140240-777261734.008789
565,20210521111513-702290117.740631,20210521111432-314039289.951324,20200813140240-61015367.5079346
566,20210521111523-249973237.514496,20210521111432-314039289.951324,20200813140240-887522280.216217
567,20210521111559-969412267.208099,20210521111559-133155107.498169,20200813140240-777261734.008789
568,20210521111657-431542336.940765,20210521111559-133155107.498169,20200813140240-61015367.5079346
569,20210521111709-146026849.746704,20210521111559-133155107.498169,20200813140240-887522280.216217
570,20210521111718-274963855.743408,20210521111559-133155107.498169,20200813140240-34356594.0856934
571,20210521111725-63209354.8774719,20210521111559-133155107.498169,20200813140240-941978275.775909
572,20210521111806-343701004.981995,20210521111805-506093204.021454,20200813140240-34356594.0856934
573,20210521112223-67332148.5519409,20210521111805-506093204.021454,20200813140240-61015367.5079346
574,20210521112233-423023998.737335,20210521111805-506093204.021454,20200813140240-941978275.775909
575,20210521112240-57223677.6351929,20210521111805-506093204.021454,20200813140240-777261734.008789
576,20210521112250-138506174.087524,20210521111805-506093204.021454,20200813140240-887522280.216217
577,20210521112329-524598896.503448,20210521112329-983533978.462219,20200813140240-777261734.008789
578,20210521112421-205353081.226349,20210521112329-983533978.462219,20200813140240-887522280.216217
579,20210521112427-401623606.681824,20210521112329-983533978.462219,20200813140240-61015367.5079346
580,20210521112435-324965298.175812,20210521112329-983533978.462219,20200813140240-941978275.775909
581,20210521112519-189117074.012756,20210521112519-953128993.5112,20200813140240-61015367.5079346
582,20210521112606-134092986.58371,20210521112519-953128993.5112,20200813140240-941978275.775909
583,20210521112618-942223608.493805,20210521112519-953128993.5112,20200813140240-887522280.216217
584,20210521112626-602658510.20813,20210521112519-953128993.5112,20200813140240-777261734.008789
585,20210521112710-226125776.767731,20210521112710-957129836.082458,20200813140240-61015367.5079346
586,20210521112753-133132815.361023,20210521112710-957129836.082458,20200813140240-777261734.008789
587,20210521112809-626110017.299652,20210521112710-957129836.082458,20200813140240-941978275.775909
588,20210521112827-162768006.324768,20210521112710-957129836.082458,20200813140240-887522280.216217
589,20210521112918-764620900.154114,20210521112918-959699332.714081,20200813140240-777261734.008789
590,20210521113007-631080865.859985,20210521112918-959699332.714081,20200813140240-941978275.775909
591,20210521113017-274737060.070038,20210521112918-959699332.714081,20200813140240-61015367.5079346
592,20210521113029-271023929.11911,20210521112918-959699332.714081,20200813140240-34356594.0856934
593,20210521125624-153524160.385132,20210521125624-895535290.241241,20200813140240-941978275.775909
594,20210521125715-777559459.209442,20210521125624-895535290.241241,20200813140240-777261734.008789
595,20210521125814-384317219.257355,20210521125814-866232037.54425,20200813140240-777261734.008789
596,20210521133102-308570086.956024,20210521125814-866232037.54425,20200813140240-61015367.5079346
597,20210521133118-767865717.411041,20210521125814-866232037.54425,20200813140240-941978275.775909
598,20210521133151-903058409.690857,20210521133151-52632272.2434998,20200813140240-777261734.008789
599,20210521133251-201244592.666626,20210521133151-52632272.2434998,20200813140240-61015367.5079346
600,20210521133301-88232696.056366,20210521133151-52632272.2434998,20200813140240-941978275.775909
601,20210521133356-791649460.792542,20210521133339-974221229.553223,20200813140240-777261734.008789
602,20210521133438-58849036.693573,20210521133339-974221229.553223,20200813140240-61015367.5079346
603,20210521133450-315855920.314789,20210521133339-974221229.553223,20200813140240-941978275.775909
604,20210521133553-36704897.8805542,20210521133552-780381619.930267,20200813140240-777261734.008789
605,20210521133722-606745779.514313,20210521133552-780381619.930267,20200813140240-61015367.5079346
606,20210521133733-347347557.544708,20210521133552-780381619.930267,20200813140240-941978275.775909
607,20210521133835-814128637.313843,20210521133835-44474422.9316711,20200813140240-61015367.5079346
608,20210521133933-220317482.948303,20210521133835-44474422.9316711,20200813140240-777261734.008789
609,20210521133956-824579894.542694,20210521133835-44474422.9316711,20200813140240-941978275.775909
610,20210521134006-293949842.453003,20210521133835-44474422.9316711,20200813140240-887522280.216217
611,20210528093051-948571085.929871,20210528093051-300970494.747162,20200813140240-777261734.008789
612,20210528093136-410073220.729828,20210528093051-300970494.747162,20200813140240-61015367.5079346
613,20210528093151-207561135.292053,20210528093051-300970494.747162,20200813140240-887522280.216217
614,20210528093158-80714643.0015564,20210528093051-300970494.747162,20200813140240-941978275.775909
615,20210528093437-631742417.812347,20210528093437-919377088.546753,20200813140240-777261734.008789
616,20210528093520-834817171.096802,20210528093437-919377088.546753,20200813140240-941978275.775909
617,20210528093557-353472650.051117,20210528093557-462980031.967163,20200813140240-887522280.216217
618,20210528093634-979077935.218811,20210528093557-462980031.967163,20200813140240-777261734.008789
619,20210528093650-474459171.295166,20210528093557-462980031.967163,20200813140240-61015367.5079346
620,20210528093700-938545167.446136,20210528093557-462980031.967163,20200813140240-941978275.775909
621,20210528093737-596094548.70224,20210528093736-753688097.000122,20200813140240-777261734.008789
622,20210528093812-331694424.152374,20210528093736-753688097.000122,20200813140240-61015367.5079346
623,20210528093818-536794066.429138,20210528093736-753688097.000122,20200813140240-887522280.216217
624,20210528094049-454207837.581635,20210528094049-678913354.873657,20200813140240-61015367.5079346
625,20210528094129-530212521.55304,20210528094049-678913354.873657,20200813140240-777261734.008789
626,20210528094141-461874365.80658,20210528094049-678913354.873657,20200813140240-941978275.775909
627,20210528094231-443862497.806549,20210528094230-97929835.319519,20200813140240-777261734.008789
628,20210528094336-673646688.461304,20210528094230-97929835.319519,20200813140240-61015367.5079346
629,20210528094344-322717666.625977,20210528094230-97929835.319519,20200813140240-941978275.775909
630,20210528094530-44933855.5335999,20210528094530-340606570.243835,20200813140240-61015367.5079346
631,20210528094610-542941153.049469,20210528094530-340606570.243835,20200813140240-777261734.008789
632,20210528094620-960422813.892365,20210528094530-340606570.243835,20200813140240-941978275.775909
633,20210528094628-149245738.983154,20210528094530-340606570.243835,20200813140240-887522280.216217
634,20210528094754-543177008.628845,20210528094754-422918260.097504,20200813140240-777261734.008789
635,20210528094842-489830434.322357,20210528094754-422918260.097504,20200813140240-887522280.216217
636,20210528094848-370515346.5271,20210528094754-422918260.097504,20200813140240-61015367.5079346
637,20210528094900-584529280.662537,20210528094754-422918260.097504,20200813140240-941978275.775909
638,20210528094912-478014171.123505,20210528094754-422918260.097504,20200813140240-989627242.088318
639,20210528095013-807779788.970947,20210528095013-161743700.504303,20200813140240-887522280.216217
640,20210528095256-793197572.231293,20210528095013-161743700.504303,20200813140240-61015367.5079346
641,20210528095304-48118889.3318176,20210528095013-161743700.504303,20200813140240-777261734.008789
642,20210528095312-468005657.196045,20210528095013-161743700.504303,20200813140240-941978275.775909
643,20210528095446-713027954.101563,20210528095445-634571135.044098,20200813140240-941978275.775909
644,20210528095604-802587389.945984,20210528095445-634571135.044098,20200813140240-887522280.216217
645,20210528095613-277168393.135071,20210528095445-634571135.044098,20200813140240-777261734.008789
646,20210528095653-121549963.951111,20210528095445-634571135.044098,20200813140240-61015367.5079346
647,20210528095704-77684700.4890442,20210528095445-634571135.044098,20200813140240-34356594.0856934
648,20210528101153-378991246.22345,20210528101153-217799842.357635,20200813140240-887522280.216217
649,20210528101344-517255842.685699,20210528101153-217799842.357635,20200813140240-777261734.008789
650,20210528101355-441114664.077759,20210528101153-217799842.357635,20200813140240-61015367.5079346
651,20210528101405-155435681.343079,20210528101153-217799842.357635,20200813140240-941978275.775909
652,20210528101631-800669848.918915,20210528101631-757029533.38623,20200813140240-887522280.216217
653,20210528102434-875779688.358307,20210528101631-757029533.38623,20200813140240-777261734.008789
654,20210528102443-696285009.384155,20210528101631-757029533.38623,20200813140240-941978275.775909
655,20210528102453-164234161.376953,20210528101631-757029533.38623,20200813140240-61015367.5079346
656,20210528102606-372814297.676086,20210528102606-896616637.706757,20200813140240-34356594.0856934
657,20210528102649-446993231.773376,20210528102606-896616637.706757,20200813140240-887522280.216217
658,20210528102657-374432206.15387,20210528102606-896616637.706757,20200813140240-777261734.008789
659,20210528102708-330300807.952881,20210528102606-896616637.706757,20200813140240-61015367.5079346
660,20210528102718-742342054.843903,20210528102606-896616637.706757,20200813140240-941978275.775909
661,20210528102753-437663912.773132,20210528102753-741780698.299408,20200813140240-777261734.008789
662,20210528102829-151756227.016449,20210528102753-741780698.299408,20200813140240-61015367.5079346
663,20210528102838-984253227.710724,20210528102753-741780698.299408,20200813140240-941978275.775909
664,20210528102847-574864923.95401,20210528102753-741780698.299408,20200813140240-887522280.216217
665,20210528102926-378606200.218201,20210528102926-245678842.067719,20200813140240-887522280.216217
666,20210528103000-209698975.086212,20210528102926-245678842.067719,20200813140240-941978275.775909
667,20210528103008-900333881.378174,20210528102926-245678842.067719,20200813140240-777261734.008789
668,20210528103019-769506812.095642,20210528102926-245678842.067719,20200813140240-61015367.5079346
669,20210528103221-692517757.415771,20210528103221-205047190.189362,20200813140240-842469632.62558
670,20210528103301-471391439.437866,20210528103221-205047190.189362,20200813140240-777261734.008789
671,20210528103312-821931481.361389,20210528103221-205047190.189362,20200813140240-887522280.216217
672,20210528103319-10293424.1294861,20210528103221-205047190.189362,20200813140240-941978275.775909
673,20210528103512-207593619.823456,20210528103512-203582286.834717,20200813140240-941978275.775909
674,20210528103558-528229653.835297,20210528103512-203582286.834717,20200813140240-871533870.697021
675,20210528105428-645570933.818817,20210528105428-950330734.25293,20200813140240-871533870.697021
676,20210528105538-667538344.860077,20210528105538-283014774.32251,20200813140240-941978275.775909
677,20210528105615-761282920.837402,20210528105538-283014774.32251,20200813140240-34356594.0856934
678,20210528105622-268043816.08963,20210528105538-283014774.32251,20200813140240-887522280.216217
679,20210528105631-93152582.6454163,20210528105538-283014774.32251,20200813140240-871533870.697021
680,20210528105640-73371052.7420044,20210528105538-283014774.32251,20200813140240-749775350.093842
681,20210528110822-14017641.544342,20210528110821-774740099.906921,20200813140240-941978275.775909
682,20210528110904-790480017.662048,20210528110821-774740099.906921,20200813140240-887522280.216217
683,20210528110918-56236863.1362915,20210528110821-774740099.906921,20200813140240-871533870.697021
684,20210528110926-767111659.049988,20210528110821-774740099.906921,20200813140240-749775350.093842
685,20210528111042-279342055.32074,20210528111042-263792932.033539,20200813140240-941978275.775909
686,20210528111136-226866006.851196,20210528111042-263792932.033539,20200813140240-887522280.216217
687,20210528111148-243931353.092194,20210528111042-263792932.033539,20200813140240-871533870.697021
688,20210528111154-999414563.179016,20210528111042-263792932.033539,20200813140240-837038218.975067
689,20210528111202-575183808.803558,20210528111042-263792932.033539,20200813140240-34356594.0856934
690,20210528112206-646587133.407593,20210528112206-162821590.900421,20200813140240-61015367.5079346
691,20210528112253-80714643.0015564,20210528112206-162821590.900421,20200813140240-777261734.008789
692,20210528112305-631742417.812347,20210528112206-162821590.900421,20200813140240-941978275.775909
693,20210528112315-561040103.435516,20210528112206-162821590.900421,20200813140240-887522280.216217
694,20210528113531-513737499.713898,20210528113530-502453923.225403,20200813140240-941978275.775909
695,20210528114653-55593490.6005859,20210528113530-502453923.225403,20200813140240-777261734.008789
696,20210528114705-489894747.73407,20210528113530-502453923.225403,20200813140240-61015367.5079346
697,20210528115427-506087362.766266,20210528115427-654499411.582947,20200813140240-941978275.775909
698,20210528115809-596094548.70224,20210528115427-654499411.582947,20200813140240-61015367.5079346
699,20210528115817-105452656.745911,20210528115427-654499411.582947,20200813140240-887522280.216217
700,20210528115823-241219.997406006,20210528115427-654499411.582947,20200813140240-777261734.008789
701,20210528120236-928785979.747772,20210528120235-704395771.026611,20200813140240-61015367.5079346
702,20210528120411-207627296.447754,20210528120235-704395771.026611,20200813140240-777261734.008789
703,20210528120420-97929835.319519,20210528120235-704395771.026611,20200813140240-887522280.216217
704,20210528120427-872546851.634979,20210528120235-704395771.026611,20200813140240-941978275.775909
705,20210528121003-149245738.983154,20210528121003-347726404.666901,20200813140240-871533870.697021
706,20210528121045-130420446.395874,20210528121003-347726404.666901,20200813140240-941978275.775909
707,20210602091854-364018678.665161,20210602091854-949556648.731232,20200813140240-887522280.216217
708,20210602091934-468700110.912323,20210602091854-949556648.731232,20200813140240-941978275.775909
709,20210602092049-589163005.35202,20210602092048-824602127.075195,20200813140240-749775350.093842
710,20210602092301-695115506.649017,20210602092048-824602127.075195,20200813140240-34356594.0856934
711,20210602092312-533873081.207275,20210602092048-824602127.075195,20200813140240-887522280.216217
712,20210602092320-15703916.5496826,20210602092048-824602127.075195,20200813140240-941978275.775909
713,20210602092335-295772850.513458,20210602092048-824602127.075195,20200813140240-871533870.697021
714,20210602141308-326206207.275391,20210602141308-712730467.319489,20200813140240-887522280.216217
715,20210602141441-905729830.265045,20210602141308-712730467.319489,20200813140240-749775350.093842
716,20210602141506-378902554.512024,20210602141308-712730467.319489,20200813140240-871533870.697021
717,20210602141529-428456366.062164,20210602141308-712730467.319489,20200813140240-941978275.775909
718,20210602142641-298165440.559387,20210602142641-468700110.912323,20200813140240-887522280.216217
719,20210602142811-824602127.075195,20210602142641-468700110.912323,20200813140240-61015367.5079346
720,20210602143046-106369674.20578,20210602142641-468700110.912323,20200813140240-816770374.774933
721,20210602143059-15703916.5496826,20210602142641-468700110.912323,20200813140240-941978275.775909
722,20210602143115-798884391.784668,20210602142641-468700110.912323,20200813140240-777261734.008789
723,20210602143259-410073220.729828,20210602143258-646587133.407593,20200813140240-941978275.775909
724,20210602143346-186013519.763947,20210602143258-646587133.407593,20200813140240-887522280.216217
725,20210602143356-261368274.688721,20210602143258-646587133.407593,20200813140240-777261734.008789
726,20210602143408-631742417.812347,20210602143258-646587133.407593,20200813140240-61015367.5079346
727,20210602143434-561040103.435516,20210602143258-646587133.407593,20200813140240-871533870.697021
728,20210602143442-834817171.096802,20210602143258-646587133.407593,20200813140240-641774833.202362
729,20210602150359-709037899.971008,20210602150359-814490020.275116,20200813140240-777261734.008789
730,20210602150514-949556648.731232,20210602150359-814490020.275116,20200813140240-61015367.5079346
731,20210602150526-298165440.559387,20210602150359-814490020.275116,20200813140240-941978275.775909
732,20210602151033-986093163.490295,20210602151033-589163005.35202,20200813140240-887522280.216217
733,20210602151143-243931353.092194,20210602151033-589163005.35202,20200813140240-777261734.008789
734,20210602151210-100052237.510681,20210602151033-589163005.35202,20200813140240-61015367.5079346
735,20210602151244-300970494.747162,20210602151033-589163005.35202,20200813140240-941978275.775909
736,20210602151503-412766814.231873,20210602151502-410073220.729828,20200813140240-61015367.5079346
737,20210602152538-80714643.0015564,20210602151502-410073220.729828,20200813140240-777261734.008789
738,20210602152632-97973823.5473633,20210602152632-428456366.062164,20200813140240-777261734.008789
739,20210602152728-677947700.023651,20210602152632-428456366.062164,20200813140240-61015367.5079346
740,20210602152744-55593490.6005859,20210602152632-428456366.062164,20200813140240-941978275.775909
741,20210602153616-155663073.062897,20210602153616-489894747.73407,20200813140240-941978275.775909
742,20210602154206-938545167.446136,20210602153616-489894747.73407,20200813140240-777261734.008789
743,20210602154219-753688097.000122,20210602153616-489894747.73407,20200813140240-61015367.5079346
744,20210602154238-105452656.745911,20210602153616-489894747.73407,20200813140240-887522280.216217
745,20210602154320-827411830.425262,20210602154320-544013977.050781,20200813140240-777261734.008789
746,20210602154421-757729291.915894,20210602154320-544013977.050781,20200813140240-941978275.775909
747,20210602154430-207627296.447754,20210602154320-544013977.050781,20200813140240-61015367.5079346
748,20210602154550-322717666.625977,20210602154550-30950605.8692932,20200813140240-777261734.008789
749,20210602155446-206017196.178436,20210602154550-30950605.8692932,20200813140240-61015367.5079346
750,20210602161324-479978263.378143,20210602161324-149245738.983154,20200813140240-941978275.775909
751,20210602161434-28885781.7649841,20210602161324-149245738.983154,20200813140240-777261734.008789
752,20210602161447-826225519.180298,20210602161324-149245738.983154,20200813140240-61015367.5079346
753,20210602161505-495211303.2341,20210602161324-149245738.983154,20200813140240-887522280.216217
754,20210602161916-579518616.199493,20210602161636-814663946.628571,20200813140240-777261734.008789
755,20210602161958-45352756.9770813,20210602161636-814663946.628571,20200813140240-61015367.5079346
756,20210602162014-56236863.1362915,20210602161636-814663946.628571,20200813140240-941978275.775909
757,20210602162021-524868428.707123,20210602161636-814663946.628571,20200813140240-887522280.216217
758,20210604091402-373536169.528961,20210604091401-790480017.662048,20200813140240-777261734.008789
759,20210604091456-468700110.912323,20210604091401-790480017.662048,20200813140240-61015367.5079346
760,20210604091511-824602127.075195,20210604091401-790480017.662048,20200813140240-941978275.775909
761,20210604091523-226866006.851196,20210604091401-790480017.662048,20200813140240-887522280.216217
762,20210604091721-575183808.803558,20210604091721-15703916.5496826,20200813140240-61015367.5079346
763,20210604091901-948571085.929871,20210604091721-15703916.5496826,20200813140240-941978275.775909
764,20210604091910-278279960.155487,20210604091721-15703916.5496826,20200813140240-887522280.216217
765,20210604091925-326206207.275391,20210604091721-15703916.5496826,20200813140240-777261734.008789
766,20210604092153-631742417.812347,20210604092153-919377088.546753,20200813140240-61015367.5079346
767,20210604092332-22629201.4122009,20210604092153-919377088.546753,20200813140240-777261734.008789
768,20210604092349-353472650.051117,20210604092153-919377088.546753,20200813140240-941978275.775909
769,20210604092402-243845164.775848,20210604092153-919377088.546753,20200813140240-887522280.216217
770,20210604092524-257267653.942108,20210604092524-474459171.295166,20200813140240-777261734.008789
771,20210604092753-654499411.582947,20210604092524-474459171.295166,20200813140240-887522280.216217
772,20210604092809-783995270.729065,20210604092524-474459171.295166,20200813140240-941978275.775909
773,20210604092816-596094548.70224,20210604092524-474459171.295166,20200813140240-61015367.5079346
774,20210604093026-536794066.429138,20210604093026-241219.997406006,20200813140240-777261734.008789
775,20210604093109-704395771.026611,20210604093026-241219.997406006,20200813140240-887522280.216217
776,20210604093118-757729291.915894,20210604093026-241219.997406006,20200813140240-61015367.5079346
777,20210604093133-589792549.610138,20210604093026-241219.997406006,20200813140240-941978275.775909
778,20210604093342-272942364.215851,20210604093341-750687718.391418,20200813140240-941978275.775909
779,20210604094206-322717666.625977,20210604093341-750687718.391418,20200813140240-777261734.008789
780,20210604094244-588628590.106964,20210604093341-750687718.391418,20200813140240-61015367.5079346
781,20210604094347-620209574.699402,20210604094346-923445165.157318,20200813140240-941978275.775909
782,20210604094427-28885781.7649841,20210604094346-923445165.157318,20200813140240-61015367.5079346
783,20210604094434-538246333.599091,20210604094346-923445165.157318,20200813140240-777261734.008789
784,20210604094550-179089307.785034,20210604094549-695281803.607941,20200813140240-941978275.775909
785,20210604094642-619187593.460083,20210604094549-695281803.607941,20200813140240-777261734.008789
786,20210604094653-292866826.057434,20210604094549-695281803.607941,20200813140240-61015367.5079346
787,20210604094837-782138705.253601,20210604094837-613934934.139252,20200813140240-941978275.775909
788,20210604094955-65851032.7339172,20210604094837-613934934.139252,20200813140240-61015367.5079346
789,20210604095015-714816331.863403,20210604094837-613934934.139252,20200813140240-777261734.008789
790,20210604095036-398932278.156281,20210604094837-613934934.139252,20200813140240-887522280.216217
791,20210617114940-827411830.425262,20210528103512-203582286.834717,20200813140240-749775350.093842
792,20210617115558-357023119.926453,20210528105538-283014774.32251,20200813140240-837038218.975067
793,20210617115608-928785979.747772,20210528105538-283014774.32251,20200813140240-777261734.008789
794,20210617140722-993731319.904327,20210528121003-347726404.666901,20200813140240-749775350.093842
795,20210618144345-760723590.85083,20210520160446-696100771.427155,20200813140240-664291858.673096
796,20210618145742-622696697.711945,20210618145741-298165440.559387,20200813140240-887522280.216217
797,20210618145911-589163005.35202,20210618145741-298165440.559387,20200813140240-61015367.5079346
798,20210618145925-243931353.092194,20210618145741-298165440.559387,20200813140240-777261734.008789
799,20210618145948-103022634.983063,20210618145741-298165440.559387,20200813140240-941978275.775909
800,20210618150109-162821590.900421,20210618150109-160441517.829895,20200813140240-61015367.5079346
801,20210618150246-583359003.067017,20210618150109-160441517.829895,20200813140240-941978275.775909
802,20210618150258-905729830.265045,20210618150109-160441517.829895,20200813140240-777261734.008789
803,20210618150420-430261135.101318,20210618150419-916163980.960846,20200813140240-777261734.008789
804,20210618150525-243845164.775848,20210618150419-916163980.960846,20200813140240-941978275.775909
805,20210618150536-489894747.73407,20210618150419-916163980.960846,20200813140240-61015367.5079346
806,20210618150549-156302213.668823,20210618150419-916163980.960846,20200813140240-887522280.216217
807,20210618150910-579518616.199493,20210618150657-18758356.5711975,20200813140240-34356594.0856934
808,20210618151042-14017641.544342,20210618150657-18758356.5711975,20200813140240-61015367.5079346
809,20210618151057-862619340.419769,20210618150657-18758356.5711975,20200813140240-941978275.775909
810,20210618151106-871445834.636688,20210618150657-18758356.5711975,20200813140240-777261734.008789
811,20210618151207-824602127.075195,20210618151206-829801619.052887,20200813140240-777261734.008789
812,20210618151258-533873081.207275,20210618151206-829801619.052887,20200813140240-887522280.216217
813,20210618151307-15703916.5496826,20210618151206-829801619.052887,20200813140240-61015367.5079346
814,20210618151711-278279960.155487,20210618151710-401374340.057373,20200813140240-777261734.008789
815,20210618151827-326206207.275391,20210618151710-401374340.057373,20200813140240-61015367.5079346
816,20210618151839-457971453.666687,20210618151710-401374340.057373,20200813140240-941978275.775909
817,20210618152057-579518616.199493,20210618151922-97973823.5473633,20200813140240-61015367.5079346
818,20210618152148-790480017.662048,20210618151922-97973823.5473633,20200813140240-777261734.008789
819,20210618152201-364018678.665161,20210618151922-97973823.5473633,20200813140240-941978275.775909
820,20210618152236-824602127.075195,20210618152236-829801619.052887,20200813140240-941978275.775909
821,20210618152340-980003237.724304,20210618152236-829801619.052887,20200813140240-61015367.5079346
822,20210618152355-100052237.510681,20210618152236-829801619.052887,20200813140240-777261734.008789
823,20210618152410-382010698.318481,20210618152236-829801619.052887,20200813140240-887522280.216217
824,20210618152502-326206207.275391,20210618152502-712730467.319489,20200813140240-777261734.008789
825,20210618152555-261368274.688721,20210618152502-712730467.319489,20200813140240-61015367.5079346
826,20210618152613-97973823.5473633,20210618152502-712730467.319489,20200813140240-941978275.775909
827,20210618152648-462980031.967163,20210618152647-513737499.713898,20200813140240-61015367.5079346
828,20210618152921-533424019.813538,20210618152647-513737499.713898,20200813140240-941978275.775909
829,20210618152930-774740099.906921,20210618152647-513737499.713898,20200813140240-777261734.008789
830,20210618152948-790480017.662048,20210618152647-513737499.713898,20200813140240-887522280.216217
831,20210618153044-468700110.912323,20210618153043-592458248.138428,20200813140240-777261734.008789
832,20210618153138-589163005.35202,20210618153043-592458248.138428,20200813140240-61015367.5079346
833,20210618153151-243931353.092194,20210618153043-592458248.138428,20200813140240-887522280.216217
834,20210618153201-15703916.5496826,20210618153043-592458248.138428,20200813140240-941978275.775909
835,20210618153305-401374340.057373,20210618153304-979829370.975494,20200813140240-34356594.0856934
836,20210618153353-646587133.407593,20210618153304-979829370.975494,20200813140240-777261734.008789
837,20210618153405-207561135.292053,20210618153304-979829370.975494,20200813140240-941978275.775909
838,20210618153414-80714643.0015564,20210618153304-979829370.975494,20200813140240-871533870.697021
839,20210618153421-261368274.688721,20210618153304-979829370.975494,20200813140240-61015367.5079346
840,20210618153434-627642035.484314,20210618153304-979829370.975494,20200813140240-887522280.216217
841,20210618153443-694485306.739807,20210618153304-979829370.975494,20200813140240-842469632.62558
842,20210628110314-760723590.85083,20210628110217-774740099.906921,20200813140240-34356594.0856934
843,20210628110418-414032697.677612,20210628110217-774740099.906921,20200813140240-941978275.775909
844,20210628110438-871445834.636688,20210628110217-774740099.906921,20200813140240-887522280.216217
845,20210628110451-364018678.665161,20210628110217-774740099.906921,20200813140240-837038218.975067
846,20210628110517-53504526.6151428,20210628110217-774740099.906921,20200813140240-777261734.008789
847,20210707085027-524868428.707123,20210507152306-533022344.112396,20200813140240-837038218.975067
848,20210707090328-263792932.033539,20210510075031-986093163.490295,20200813140240-837038218.975067
849,20210707090420-910964310.16922,20210510075031-986093163.490295,20200813140240-34356594.0856934
850,20210707090437-980003237.724304,20210510075031-986093163.490295,20200813140240-941978275.775909
851,20210707090930-676175892.353058,20210510075357-948571085.929871,20200813140240-641774833.202362
852,20210707091213-103022634.983063,20210510081021-677947700.023651,20200813140240-941978275.775909
853,20210712142711-910964310.16922,20210507144810-257267653.942108,20200813140240-871533870.697021
854,20210713090337-774740099.906921,20210506133922-948571085.929871,20200813140240-941978275.775909
